,movie,score,audience,score_edited,aud_edited,avg score,avg aud
0,[],0,0,0,0,0.0,0.0
1,['에움길'],['9.62'],"['7,720명']",[9.62],[7720.0],9.62,7720.0
2,[],0,0,0,0,0.0,0.0
3,['극장판 요괴워치: 하늘을 나는 고래와 더블세계다냥!'],['8.58'],['21만명'],[8.58],[210000.0],8.58,210000.0
4,['수색'],['missing data'],['missing data'],0,0,0.0,0.0
5,['램'],['7.10'],['1.5만명'],[7.1],[15000.0],7.1,15000.0
6,['파라노만'],['8.10'],['1만명'],[8.1],[10000.0],8.1,10000.0
7,[],0,0,0,0,0.0,0.0
8,['크롤'],['missing data'],['missing data'],0,0,0.0,0.0
9,['북클럽'],['8.21'],['3만명'],[8.21],[30000.0],8.21,30000.0
10,"['욕창', '나를 찾아줘']","['8.55', 'missing data']","['1,651명', 'missing data']",[8.55],[1651.0],8.55,1651.0
11,['군산: 거위를 노래하다'],['8.05'],['1.5만명'],[8.05],[15000.0],8.05,15000.0
12,['서약'],['8.25'],['23만명'],[8.25],[230000.0],8.25,230000.0
13,['명탐정 코난: 비색의 탄환'],['9.08'],['23만명'],[9.08],[230000.0],9.08,230000.0
14,['21 브릿지: 테러 셧다운'],['7.56'],['12만명'],[7.56],[120000.0],7.56,120000.0
15,[],0,0,0,0,0.0,0.0
16,"['트롤: 월드 투어', '트롤']","['8.56', '8.81']","['15만명', '67만명']","[8.56, 8.81]","[150000.0, 670000.0]",8.685,410000.0
17,[],0,0,0,0,0.0,0.0
18,['화해'],['missing data'],['missing data'],0,0,0.0,0.0
19,['바니버디'],['7.70'],['18만명'],[7.7],[180000.0],7.7,180000.0
20,['행동하는 양심 김대중'],['3.33'],"['5,789명']",[3.33],[5789.0],3.33,5789.0
21,['뮤즈'],['7.22'],['missing data'],[7.22],0,7.22,0.0
22,['고스트버스터즈'],['8.25'],['51만명'],[8.25],[510000.0],8.25,510000.0
23,['우드론'],['1947. 6. 1. 영국'],[' 175cm'],[0],0,0.0,0.0
24,['47미터 2'],['8.18'],['50만명'],[8.18],[500000.0],8.18,500000.0
25,['마이펫의 이중생활'],['9.00'],['111만명'],[9.0],[1110000.0],9.0,1110000.0
26,['원 데이-특별판'],['missing data'],['missing data'],0,0,0.0,0.0
27,"['멘, 우먼 & 칠드런']",['missing data'],['missing data'],0,0,0.0,0.0
28,['트웬티 해커'],['6.16'],"['2,691명']",[6.16],[2691.0],6.16,2691.0
29,[],0,0,0,0,0.0,0.0
30,[],0,0,0,0,0.0,0.0
31,['양말요정 휴고의 대모험'],['7.41'],['2.5만명'],[7.41],[25000.0],7.41,25000.0
32,['미스터 라잇'],['7.15'],['1.2만명'],[7.15],[12000.0],7.15,12000.0
33,['운명'],['missing data'],['missing data'],0,0,0.0,0.0
34,['고양이: 죽음을 보는 두 개의 눈'],['5.07'],['67만명'],[5.07],[670000.0],5.07,670000.0
35,['스틸 라이프'],['8.47'],"['5,391명']",[8.47],[5391.0],8.47,5391.0
36,['전망좋은 방'],['8.23'],['수상내역보기'],[8.23],0,8.23,0.0
37,['컨저링3: 악마가 시켰다'],['8.11'],['79만명'],[8.11],[790000.0],8.11,790000.0
38,['유전'],['5.12'],['missing data'],[5.12],0,5.12,0.0
39,['삼국-무영자'],['7.34'],"['3,069명']",[7.34],[3069.0],7.34,3069.0
40,['영시'],['missing data'],['missing data'],0,0,0.0,0.0
41,['인트로덕션'],['8.13'],"['6,214명']",[8.13],[6214.0],8.13,6214.0
42,['missing data'],['missing data'],['missing data'],0,0,0.0,0.0
43,[],0,0,0,0,0.0,0.0
44,['극장판 주술회전 0'],['8.94'],['66만명'],[8.94],[660000.0],8.94,660000.0
45,['기도하는 남자'],['8.31'],"['2,002명']",[8.31],[2002.0],8.31,2002.0
46,['다이노소어 어드벤처 : 백악기 공룡대백과'],['7.29'],['11만명'],[7.29],[110000.0],7.29,110000.0
47,['극장판 프리크리 : 프로그레시브'],['missing data'],['missing data'],0,0,0.0,0.0
48,['언럭키맨'],['missing data'],['missing data'],0,0,0.0,0.0
49,['스위스 아미 맨'],['수상내역보기'],['missing data'],[0],0,0.0,0.0
50,['래빗 스쿨'],['missing data'],['missing data'],0,0,0.0,0.0
51,[],0,0,0,0,0.0,0.0
52,['극장판 포켓몬스터 모두의 이야기'],['9.16'],['19만명'],[9.16],[190000.0],9.16,190000.0
53,['꼬마잠수함 올리'],['7.32'],['2.9만명'],[7.32],[29000.0],7.32,29000.0
54,['마'],['missing data'],['missing data'],0,0,0.0,0.0
55,['타임 투게더'],['8.50'],"['8,807명']",[8.5],[8807.0],8.5,8807.0
56,['드래곤볼 슈퍼: 슈퍼 히어로'],['8.55'],['1.8만명'],[8.55],[18000.0],8.55,18000.0
57,['더 하이브'],['missing data'],['missing data'],0,0,0.0,0.0
58,['셜록: 죽음의 덫'],['4.08'],['1명'],[4.08],[1.0],4.08,1.0
59,['SESIFF2016 경쟁2 먹고사는 백만가지 방법'],['missing data'],['missing data'],0,0,0.0,0.0
60,['타오르는 불씨'],['missing data'],['missing data'],0,0,0.0,0.0
61,['폭력의 법칙: 나쁜 피 두 번째 이야기'],['8.30'],['597명'],[8.3],[597.0],8.3,597.0
62,['힙대디'],['missing data'],['missing data'],0,0,0.0,0.0
63,['루카'],['   공연  동물원 & 여행스케치 포크 콘서트    '],['   공연  커피콘서트VI. 여행스케치가 들려주는 상쾌한 산들바람    '],[0],0,0.0,0.0
64,"['느루', '사랑의 선물', '장마']","['missing data', '9.73', '10.00']","['missing data', '1만명', '1,962명']","[9.73, 10.0]","[10000.0, 1962.0]",9.865,5981.0
65,['소나기'],['8.35'],['1.4만명'],[8.35],[14000.0],8.35,14000.0
66,['몬스타엑스 : 더 드리밍'],['9.85'],['3만명'],[9.85],[30000.0],9.85,30000.0
67,['엘리엇과 산타 썰매단'],['6.91'],['5.7만명'],[6.91],[57000.0],6.91,57000.0
68,[],0,0,0,0,0.0,0.0
69,['애프터: 에버 해피'],['6.48'],"['7,503명']",[6.48],[7503.0],6.48,7503.0
70,"['춤, 바람']",['missing data'],['missing data'],0,0,0.0,0.0
71,['히치콕 트뤼포'],['8.88'],"['3,192명']",[8.88],[3192.0],8.88,3192.0
72,['이누야시키 : 히어로 VS 빌런'],['7.30'],"['7,565명']",[7.3],[7565.0],7.3,7565.0
73,['제15회 미쟝센 단편영화제 여성 감독 특별전 2'],['missing data'],['missing data'],0,0,0.0,0.0
74,['토이 스토리 4'],['9.23'],['340만명'],[9.23],[3400000.0],9.23,3400000.0
75,['여고괴담 리부트: 母校'],['missing data'],['missing data'],0,0,0.0,0.0
76,['보통사람'],['8.49'],['38만명'],[8.49],[380000.0],8.49,380000.0
77,['미션 13'],['6.74'],['310명'],[6.74],[310.0],6.74,310.0
78,"['인생은 뷰티풀: 비타돌체', '세븐틴 파워 오브 러브 : 더 무비']","['9.72', '9.84']","['5.2만명', '4.8만명']","[9.72, 9.84]","[52000.0, 48000.0]",9.780000000000001,50000.0
79,['설행_눈길을 걷다'],['8.46'],"['5,943명']",[8.46],[5943.0],8.46,5943.0
80,['카운트'],['7.98'],['39만명'],[7.98],[390000.0],7.98,390000.0
81,[],0,0,0,0,0.0,0.0
82,['오스카 그랜트의 어떤 하루'],['8.50'],"['3,663명']",[8.5],[3663.0],8.5,3663.0
83,['이프 온리'],['9.24'],['missing data'],[9.24],0,9.24,0.0
84,[],0,0,0,0,0.0,0.0
85,['투모로우랜드'],['7.56'],['26만명'],[7.56],[260000.0],7.56,260000.0
86,['퍼펙트 게임'],['8.94'],['150만명'],[8.94],[1500000.0],8.94,1500000.0
87,['낙타는 말했다'],['5.36'],['165명'],[5.36],[165.0],5.36,165.0
88,['다만 악에서 구하소서'],['8.54'],['435만명'],[8.54],[4350000.0],8.54,4350000.0
89,['분노의 질주: 더 익스트림'],['9.18'],['365만명'],[9.18],[3650000.0],9.18,3650000.0
90,['쿵푸 파이터'],['1명'],['missing data'],[0],0,0.0,0.0
91,['로보카폴리 안전교실 교통편'],['missing data'],['missing data'],0,0,0.0,0.0
92,['해적왕 작스톰'],['9.02'],"['5,916명']",[9.02],[5916.0],9.02,5916.0
93,['미스 프레지던트'],['8.13'],"['6,749명']",[8.13],[6749.0],8.13,6749.0
94,['왓칭'],['8.12'],['5.5만명'],[8.12],[55000.0],8.12,55000.0
95,['극장판 헬로카봇 : 백악기 시대'],['9.31'],['88만명'],[9.31],[880000.0],9.31,880000.0
96,['블러드서킹 바스터즈'],['missing data'],['missing data'],0,0,0.0,0.0
97,['피터팬: 후크 선장과 결투의 날'],['6.41'],['1.2만명'],[6.41],[12000.0],6.41,12000.0
98,['극장판 도라에몽: 진구의 보물섬'],['8.95'],['18만명'],[8.95],[180000.0],8.95,180000.0
99,['혹성탈출'],['8.15'],['205만명'],[8.15],[2050000.0],8.15,2050000.0
100,['몬스터 대학교'],['8.79'],['87만명'],[8.79],[870000.0],8.79,870000.0
101,[],0,0,0,0,0.0,0.0
102,['명량: 회오리 바다를 향하여'],['6.41'],"['8,897명']",[6.41],[8897.0],6.41,8897.0
103,['캡틴 스터비'],['9.09'],['2.4만명'],[9.09],[24000.0],9.09,24000.0
104,['하숙집'],['missing data'],['missing data'],0,0,0.0,0.0
105,['에브리바디 원츠 썸!!'],['7.78'],"['7,353명']",[7.78],[7353.0],7.78,7353.0
106,[],0,0,0,0,0.0,0.0
107,['쿠크하트: 시계심장을 가진 소년의 사랑'],['missing data'],['missing data'],0,0,0.0,0.0
108,['러빙 빈센트: 임파서블 드림'],['missing data'],['missing data'],0,0,0.0,0.0
109,['행오버3'],['missing data'],['missing data'],0,0,0.0,0.0
110,['사탄의 인형'],['5.33'],['1명'],[5.33],[1.0],5.33,1.0
111,['비틀스: 에잇 데이즈 어 위크 – 투어링 이어즈'],['missing data'],['missing data'],0,0,0.0,0.0
112,['코쿠리코 언덕에서'],['6.07'],['19만명'],[6.07],[190000.0],6.07,190000.0
113,['사이드 이펙트'],['7.60'],['3.7만명'],[7.6],[37000.0],7.6,37000.0
114,"['웰컴, 삼바']",['7.51'],['4만명'],[7.51],[40000.0],7.51,40000.0
115,"['날, 보러와요']",['8.04'],['106만명'],[8.04],[1060000.0],8.04,1060000.0
116,['초록물고기'],['8.86'],['수상내역보기'],[8.86],0,8.86,0.0
117,['BISFF HOT HOT'],['missing data'],['missing data'],0,0,0.0,0.0
118,['바람의 기억'],['missing data'],['missing data'],0,0,0.0,0.0
119,[],0,0,0,0,0.0,0.0
120,['워리어스 게이트'],['missing data'],['missing data'],0,0,0.0,0.0
121,['안테벨룸'],['7.33'],['9.5만명'],[7.33],[95000.0],7.33,95000.0
122,['오픈 더 도어'],['missing data'],['missing data'],0,0,0.0,0.0
123,[],0,0,0,0,0.0,0.0
124,"['우리시대의 남자', '항거:유관순 이야기']","['missing data', '9.39']","['missing data', '115만명']",[9.39],[1150000.0],9.39,1150000.0
125,['평일 오후 3시의 연인'],['8.28'],"['1,589명']",[8.28],[1589.0],8.28,1589.0
126,['메리 크리스마스 미스터 모'],['8.94'],"['4,401명']",[8.94],[4401.0],8.94,4401.0
127,['쿵푸 요가'],['9.00'],['1.2만명'],[9.0],[12000.0],9.0,12000.0
128,['몬스터 섬의 비밀'],['8.34'],['2.6만명'],[8.34],[26000.0],8.34,26000.0
129,['나의 청춘은 너의 것'],['7.73'],['8.4만명'],[7.73],[84000.0],7.73,84000.0
130,"['존 윅 - 리로드', '존 윅']","['2017.02.22.', '1,248명']","['8.70', 'missing data']",[0],0,0.0,0.0
131,"['스트레스 제로', '파닥파닥']","['8.45', '8.63']","['8,755명', '1.3만명']","[8.45, 8.63]","[8755.0, 13000.0]",8.54,10877.5
132,['성덕'],['7.93'],['1.2만명'],[7.93],[12000.0],7.93,12000.0
133,['스티브 잡스'],['7.80'],['6.8만명'],[7.8],[68000.0],7.8,68000.0
134,['스트레이트 아웃 오브 컴턴'],['8.96'],['4.8만명'],[8.96],[48000.0],8.96,48000.0
135,['반드시 잡는다'],['8.11'],['44만명'],[8.11],[440000.0],8.11,440000.0
136,['당신 없는 일주일'],['missing data'],['missing data'],0,0,0.0,0.0
137,['스파이더맨: 노 웨이 홈'],['9.10'],['755만명'],[9.1],[7550000.0],9.1,7550000.0
138,['13시간'],['8.46'],['14만명'],[8.46],[140000.0],8.46,140000.0
139,['번 더 스테이지: 더 무비'],['9.31'],['31만명'],[9.31],[310000.0],9.31,310000.0
140,['퍼시픽 림: 업라이징'],['7.94'],['107만명'],[7.94],[1070000.0],7.94,1070000.0
141,['헌팅 오브 힐하우스'],['5.30'],['수상내역보기'],[5.3],0,5.3,0.0
142,['캡틴 언더팬츠'],['missing data'],['missing data'],0,0,0.0,0.0
143,['유포자들'],['5.93'],['2.3만명'],[5.93],[23000.0],5.93,23000.0
144,"['귀멸의 칼날: 상현집결, 그리고 도공 마을로']",['missing data'],['missing data'],0,0,0.0,0.0
145,['원더 우먼'],['8.24'],['216만명'],[8.24],[2160000.0],8.24,2160000.0
146,['숨바꼭질'],['6.74'],['560만명'],[6.74],[5600000.0],6.74,5600000.0
147,['왕가위 스폐셜-화양연화'],['missing data'],['missing data'],0,0,0.0,0.0
148,['슈퍼스타'],['7.33'],['307명'],[7.33],[307.0],7.33,307.0
149,['맨 인 더 다크'],['missing data'],['missing data'],0,0,0.0,0.0
150,['팬텀 스레드'],['8.65'],['2.9만명'],[8.65],[29000.0],8.65,29000.0
151,['서버비콘'],['8.17'],['1.2만명'],[8.17],[12000.0],8.17,12000.0
152,['아임 유어 맨'],['8.21'],"['8,517명']",[8.21],[8517.0],8.21,8517.0
153,"['라야와 마지막 드래곤', '스트레인지 월드']","['9.42', 'missing data']","['32만명', 'missing data']",[9.42],[320000.0],9.42,320000.0
154,['검사외전'],['8.56'],['970만명'],[8.56],[9700000.0],8.56,9700000.0
155,['이츠 카인드 오브 어 퍼니 스토리'],['missing data'],['missing data'],0,0,0.0,0.0
156,['세상의 끝까지 21일'],['8.14'],['1.9만명'],[8.14],[19000.0],8.14,19000.0
157,['시카리오: 데이 오브 솔다도'],['8.87'],['22만명'],[8.87],[220000.0],8.87,220000.0
158,['팡파레'],['8.50'],"['1,959명']",[8.5],[1959.0],8.5,1959.0
159,['제17회 대구단편영화제 경쟁8'],['missing data'],['missing data'],0,0,0.0,0.0
160,['구마적'],['missing data'],['missing data'],0,0,0.0,0.0
161,['성스러운 거미'],['7.99'],['1만명'],[7.99],[10000.0],7.99,10000.0
162,"['귀문', '블랙핑크 더 무비']","['6.15', '9.22']","['9.3만명', '1.5만명']","[6.15, 9.22]","[93000.0, 15000.0]",7.6850000000000005,54000.0
163,['매직빈'],['7.40'],['5.7만명'],[7.4],[57000.0],7.4,57000.0
164,['바람'],['9.28'],['10만명'],[9.28],[100000.0],9.28,100000.0
165,['조'],['한세대학교 제1회 뮤지컬 콘테스트 은상'],[' 공연 1건 '],[0],0,0.0,0.0
166,['S테이프'],['수상내역보기'],['missing data'],[0],0,0.0,0.0
167,['리스펙트'],['7.38'],['1.6만명'],[7.38],[16000.0],7.38,16000.0
168,['4교시 추리영역'],['5.03'],['6.7만명'],[5.03],[67000.0],5.03,67000.0
169,['지구의 끝까지'],['missing data'],['missing data'],0,0,0.0,0.0
170,['메이즈 러너: 스코치 트라이얼'],['8.37'],['274만명'],[8.37],[2740000.0],8.37,2740000.0
171,"['신과함께-인과 연', '골든슬럼버']","['8.63', '6.26']","['1,227만명', '138만명']","[8.63, 6.26]","[12270000.0, 1380000.0]",7.445,6825000.0
172,"['날, 보러와요']",['8.04'],['106만명'],[8.04],[1060000.0],8.04,1060000.0
173,['수상한 그녀'],['missing data'],['missing data'],0,0,0.0,0.0
174,['극장판 귀멸의 칼날: 무한열차편'],['missing data'],['missing data'],0,0,0.0,0.0
175,[],0,0,0,0,0.0,0.0
176,['록키 블리더'],['missing data'],['missing data'],0,0,0.0,0.0
177,[],0,0,0,0,0.0,0.0
178,['사일런트 힐: 레버레이션'],['missing data'],['missing data'],0,0,0.0,0.0
179,['더 넌'],['missing data'],['missing data'],0,0,0.0,0.0
180,['더 웨이 홈'],['missing data'],['missing data'],0,0,0.0,0.0
181,['슈퍼 스파이: 수상한 임무'],['6.13'],['2.8만명'],[6.13],[28000.0],6.13,28000.0
182,['검객'],['missing data'],['missing data'],0,0,0.0,0.0
183,['로저 코만의 세계'],['missing data'],['missing data'],0,0,0.0,0.0
184,['킹 오브 프리즘 –샤이니 세븐 스타즈- II 카케루x조지x미나토'],['missing data'],['missing data'],0,0,0.0,0.0
185,[],0,0,0,0,0.0,0.0
186,"['언제나 맑음', '서머 스톡']","['missing data', 'missing data']","['missing data', 'missing data']",0,0,0.0,0.0
187,['요로나의 저주'],['7.73'],['20만명'],[7.73],[200000.0],7.73,200000.0
188,['프리키 데스데이'],['missing data'],['missing data'],0,0,0.0,0.0
189,['존 윅: 특별판'],['missing data'],['missing data'],0,0,0.0,0.0
190,['밥정'],['9.70'],['1.6만명'],[9.7],[16000.0],9.7,16000.0
191,['익스펜더블 에셋'],['missing data'],['missing data'],0,0,0.0,0.0
192,['버즈 라이트이어'],['7.42'],['34만명'],[7.42],[340000.0],7.42,340000.0
193,['자전차왕 엄복동'],['7.40'],['17만명'],[7.4],[170000.0],7.4,170000.0
194,"['그녀, 섹스의 시작']",['9.00'],['249명'],[9.0],[249.0],9.0,249.0
195,['엘라 벨라 빙고: 친구 찾기 대작전'],['6.00'],"['7,316명']",[6.0],[7316.0],6.0,7316.0
196,['다크 플레이스'],['7.25'],['6.6만명'],[7.25],[66000.0],7.25,66000.0
197,['보스 베이비'],['8.99'],['92만명'],[8.99],[920000.0],8.99,920000.0
198,[],0,0,0,0,0.0,0.0
199,['몬스터 호텔 2'],['8.63'],['151만명'],[8.63],[1510000.0],8.63,1510000.0
200,['아빠는 딸'],['missing data'],['missing data'],0,0,0.0,0.0
201,['에이리언: 커버넌트'],['8.19'],['130만명'],[8.19],[1300000.0],8.19,1300000.0
202,['걸즈 앤 판처 제\u200b 63회 전차도 전국 고교생 대회'],['missing data'],['missing data'],0,0,0.0,0.0
203,"['요가학원 : 죽음의 쿤달리니', '원스텝']","['7.67', '5.91']","['9,128명', '1,662명']","[7.67, 5.91]","[9128.0, 1662.0]",6.79,5395.0
204,['닥터 스트레인지'],['7.75'],['588만명'],[7.75],[5880000.0],7.75,5880000.0
205,['missing data'],['missing data'],['missing data'],0,0,0.0,0.0
206,['블레어 위치'],['5.85'],['4.6만명'],[5.85],[46000.0],5.85,46000.0
207,['위트니스'],['8.60'],['수상내역보기'],[8.6],0,8.6,0.0
208,['애니멀 크래커'],['8.86'],['12만명'],[8.86],[120000.0],8.86,120000.0
209,['시인 할매'],['9.53'],['1만명'],[9.53],[10000.0],9.53,10000.0
210,[],0,0,0,0,0.0,0.0
211,['플로이'],['missing data'],['missing data'],0,0,0.0,0.0
212,['최면'],['missing data'],['missing data'],0,0,0.0,0.0
213,['테라포마스'],['missing data'],['missing data'],0,0,0.0,0.0
214,[],0,0,0,0,0.0,0.0
215,['도대체 그 남자가 누구야'],['missing data'],['missing data'],0,0,0.0,0.0
216,"['티시 태시', '꼬마버스 타요 5기&띠띠뽀 띠띠뽀 2기']","['missing data', 'missing data']","['missing data', 'missing data']",0,0,0.0,0.0
217,['더 데빌'],['missing data'],['missing data'],0,0,0.0,0.0
218,['좀비랜드: 더블 탭'],['8.45'],['13만명'],[8.45],[130000.0],8.45,130000.0
219,['퍼스트 러브'],['missing data'],['missing data'],0,0,0.0,0.0
220,['CO-DE BLUE'],['missing data'],['missing data'],0,0,0.0,0.0
221,['광주비디오: 사라진 4시간'],['4.51'],"['2,618명']",[4.51],[2618.0],4.51,2618.0
222,['마이 블랙 미니드레스'],['6.85'],['31만명'],[6.85],[310000.0],6.85,310000.0
223,['미싱 링크'],['8.07'],['2.1만명'],[8.07],[21000.0],8.07,21000.0
224,['휴먼 보이스'],['missing data'],['missing data'],0,0,0.0,0.0
225,['커피 오어 티'],['8.65'],"['6,251명']",[8.65],[6251.0],8.65,6251.0
226,['아이즈 온 미 : 더 무비'],['9.34'],['3.9만명'],[9.34],[39000.0],9.34,39000.0
227,['007 스펙터'],['7.53'],['182만명'],[7.53],[1820000.0],7.53,1820000.0
228,"['마이 페어 웨딩', '붕붕거리는 오후']","['9.38', 'missing data']","['4,586명', 'missing data']",[9.38],[4586.0],9.38,4586.0
229,['미씽: 사라진 여자'],['8.53'],['115만명'],[8.53],[1150000.0],8.53,1150000.0
230,['역린'],['7.43'],['384만명'],[7.43],[3840000.0],7.43,3840000.0
231,['엄마'],['3.97'],['1.9만명'],[3.97],[19000.0],3.97,19000.0
232,['킬러의 보디가드 무삭제 특별판'],['8.67'],['1.7만명'],[8.67],[17000.0],8.67,17000.0
233,['인썸니아'],['8.05'],['missing data'],[8.05],0,8.05,0.0
234,['안시성'],['8.63'],['544만명'],[8.63],[5440000.0],8.63,5440000.0
235,['팡파레'],['8.50'],"['1,959명']",[8.5],[1959.0],8.5,1959.0
236,['토이 솔져스: 가짜사나이2 더 컴플리트'],['8.17'],['1.1만명'],[8.17],[11000.0],8.17,11000.0
237,['슈퍼 후?'],['6.09'],['100명'],[6.09],[100.0],6.09,100.0
238,['나이트메어 시네마'],['4.20'],"['4,817명']",[4.2],[4817.0],4.2,4817.0
239,['소피와 드래곤: 마법책의 비밀'],['5.75'],['9.6만명'],[5.75],[96000.0],5.75,96000.0
240,['댄싱 히어로'],['8.96'],['수상내역보기'],[8.96],0,8.96,0.0
241,['시간의 끝에서 널 기다려'],['8.71'],"['5,222명']",[8.71],[5222.0],8.71,5222.0
242,['돈'],['8.39'],['338만명'],[8.39],[3380000.0],8.39,3380000.0
243,['유니콘 원정대: 비밀의 다이어리'],['7.63'],['1.4만명'],[7.63],[14000.0],7.63,14000.0
244,['런던 타운'],['7.38'],['490명'],[7.38],[490.0],7.38,490.0
245,['레전드 오브 타잔'],['8.03'],['85만명'],[8.03],[850000.0],8.03,850000.0
246,['컬리지 로드 트립'],['missing data'],['missing data'],0,0,0.0,0.0
247,['다이버전트'],['8.25'],['10만명'],[8.25],[100000.0],8.25,100000.0
248,['러브픽션'],['6.74'],['172만명'],[6.74],[1720000.0],6.74,1720000.0
249,['미행'],['missing data'],['missing data'],0,0,0.0,0.0
250,['바울'],['9.49'],['27만명'],[9.49],[270000.0],9.49,270000.0
251,['더 울버린'],['6.12'],['107만명'],[6.12],[1070000.0],6.12,1070000.0
252,['이태원 살인사건'],['6.01'],['53만명'],[6.01],[530000.0],6.01,530000.0
253,['사랑은 언제나 진행중'],['8.10'],['5.1만명'],[8.1],[51000.0],8.1,51000.0
254,['마야'],['8.30'],['26만명'],[8.3],[260000.0],8.3,260000.0
255,['니 부모 얼굴이 보고 싶다'],['7.67'],['Disney+'],[7.67],0,7.67,0.0
256,['슬로우 비디오'],['7.77'],['116만명'],[7.77],[1160000.0],7.77,1160000.0
257,['아쿠아맨'],['8.77'],['504만명'],[8.77],[5040000.0],8.77,5040000.0
258,"['아이, 토냐']",['8.73'],['1.4만명'],[8.73],[14000.0],8.73,14000.0
259,['밀정'],['8.57'],['750만명'],[8.57],[7500000.0],8.57,7500000.0
260,['리틀 뱀파이어'],['5.14'],"['2,698명']",[5.14],[2698.0],5.14,2698.0
261,['내일도 우린 사랑하고 있을까'],['7.67'],"['4,451명']",[7.67],[4451.0],7.67,4451.0
262,['인셉션'],['9.60'],['599만명'],[9.6],[5990000.0],9.6,5990000.0
263,[],0,0,0,0,0.0,0.0
264,['극장판 프리파라 모두의 동경♪ 렛츠고☆프리파리'],['8.25'],['5.6만명'],[8.25],[56000.0],8.25,56000.0
265,['살인의뢰'],['7.03'],['85만명'],[7.03],[850000.0],7.03,850000.0
266,['50가지 그림자: 심연'],['7.76'],['18만명'],[7.76],[180000.0],7.76,180000.0
267,['극장판 아오바의 식탁'],['7.57'],['missing data'],[7.57],0,7.57,0.0
268,['초혼'],['missing data'],['missing data'],0,0,0.0,0.0
269,['종푸스: 요리대전'],['missing data'],['missing data'],0,0,0.0,0.0
270,['아이 인 더 스카이'],['8.54'],['1.5만명'],[8.54],[15000.0],8.54,15000.0
271,['미스터 스마일'],['8.01'],['2.2만명'],[8.01],[22000.0],8.01,22000.0
272,[],0,0,0,0,0.0,0.0
273,['스머프: 비밀의 숲'],['8.61'],['42만명'],[8.61],[420000.0],8.61,420000.0
274,['무사도'],['missing data'],['missing data'],0,0,0.0,0.0
275,['엑스맨: 다크 피닉스'],['7.45'],['86만명'],[7.45],[860000.0],7.45,860000.0
276,['브레이브 래빗 : 새로운 영웅의 탄생'],['6.80'],"['5,382명']",[6.8],[5382.0],6.8,5382.0
277,['유니버셜 솔저4: 클론의 반란'],['5.26'],"['1,552명']",[5.26],[1552.0],5.26,1552.0
278,[],0,0,0,0,0.0,0.0
279,['뱅크 어택: 은행습격사건'],['missing data'],['missing data'],0,0,0.0,0.0
280,[],0,0,0,0,0.0,0.0
281,['길모어 걸스'],['missing data'],['missing data'],0,0,0.0,0.0
282,[],0,0,0,0,0.0,0.0
283,['도형일기'],['missing data'],['missing data'],0,0,0.0,0.0
284,['생존 게임'],['missing data'],['missing data'],0,0,0.0,0.0
285,['경성학교: 사라진 소녀들'],['6.45'],['35만명'],[6.45],[350000.0],6.45,350000.0
286,['히어로'],['missing data'],['missing data'],0,0,0.0,0.0
287,['브이아이피'],['6.87'],['137만명'],[6.87],[1370000.0],6.87,1370000.0
288,['완전범죄 프로젝트'],['7.70'],['390명'],[7.7],[390.0],7.7,390.0
289,['집으로'],['missing data'],['missing data'],0,0,0.0,0.0
290,[],0,0,0,0,0.0,0.0
291,[],0,0,0,0,0.0,0.0
292,['두개의 빛: 릴루미노'],['missing data'],['missing data'],0,0,0.0,0.0
293,['베이비 드라이버'],['8.41'],['82만명'],[8.41],[820000.0],8.41,820000.0
294,['가화만사경'],['missing data'],['missing data'],0,0,0.0,0.0
295,['워킹걸'],['6.98'],['15만명'],[6.98],[150000.0],6.98,150000.0
296,['잃어버린 도시 Z'],['7.09'],['4.7만명'],[7.09],[47000.0],7.09,47000.0
297,['콜 걸'],['7.12'],['200명'],[7.12],[200.0],7.12,200.0
298,['팬더의 집으로 가는 길'],['missing data'],['missing data'],0,0,0.0,0.0
299,['언플랜드'],['9.62'],['1.4만명'],[9.62],[14000.0],9.62,14000.0
300,['뱅드림! 로젤리아 에피소드 Ⅱ : 송 아이 엠'],['9.15'],['1.5만명'],[9.15],[15000.0],9.15,15000.0
301,['사랑의 시대'],['7.93'],"['5,003명']",[7.93],[5003.0],7.93,5003.0
302,['매직아치'],['8.68'],"['6,608명']",[8.68],[6608.0],8.68,6608.0
303,['휘트니'],['9.04'],['2.2만명'],[9.04],[22000.0],9.04,22000.0
304,['토이 스토리 오브 테러'],['missing data'],['missing data'],0,0,0.0,0.0
305,[],0,0,0,0,0.0,0.0
306,['크리미널 스쿼드'],['6.73'],['2.8만명'],[6.73],[28000.0],6.73,28000.0
307,['에일리언 4'],['missing data'],['missing data'],0,0,0.0,0.0
308,['킨제이 보고서'],['7.00'],['4.3만명'],[7.0],[43000.0],7.0,43000.0
309,"['눈의 여왕 3: 눈과 불의 마법대결', '눈의 여왕4']","['8.34', '8.93']","['36만명', '21만명']","[8.34, 8.93]","[360000.0, 210000.0]",8.635,285000.0
310,['링컨: 뱀파이어 헌터'],['6.79'],['34만명'],[6.79],[340000.0],6.79,340000.0
311,[],0,0,0,0,0.0,0.0
312,[],0,0,0,0,0.0,0.0
313,['당신자신과 당신의 것'],['7.98'],['1.8만명'],[7.98],[18000.0],7.98,18000.0
314,"['조제, 호랑이 그리고 물고기들']",['9.20'],['2.5만명'],[9.2],[25000.0],9.2,25000.0
315,['애드 아스트라'],['8.23'],['51만명'],[8.23],[510000.0],8.23,510000.0
316,['밀양'],['8.90'],['160만명'],[8.9],[1600000.0],8.9,1600000.0
317,['존 윅: 특별판'],['missing data'],['missing data'],0,0,0.0,0.0
318,['더 리틀 아워즈'],['missing data'],['missing data'],0,0,0.0,0.0
319,['극장판 프리크리 : 프로그레시브'],['missing data'],['missing data'],0,0,0.0,0.0
320,['택시운전사'],['9.28'],"['1,218만명']",[9.28],[12180000.0],9.28,12180000.0
321,['호프'],['missing data'],['missing data'],0,0,0.0,0.0
322,['내 인생의 마지막 변화구'],['8.33'],['3만명'],[8.33],[30000.0],8.33,30000.0
323,['명탐정 코난: 감청의 권'],['7.13'],['21만명'],[7.13],[210000.0],7.13,210000.0
324,['역린'],['7.43'],['384만명'],[7.43],[3840000.0],7.43,3840000.0
325,['캐롤'],['8.70'],['35만명'],[8.7],[350000.0],8.7,350000.0
326,['두 남자'],['7.95'],['6만명'],[7.95],[60000.0],7.95,60000.0
327,['제 5침공'],['6.46'],['13만명'],[6.46],[130000.0],6.46,130000.0
328,[],0,0,0,0,0.0,0.0
329,[],0,0,0,0,0.0,0.0
330,['나의 PS 파트너'],['8.26'],['183만명'],[8.26],[1830000.0],8.26,1830000.0
331,['극장판 요괴워치: 염라대왕과 5개의 이야기다냥!'],['8.42'],['33만명'],[8.42],[330000.0],8.42,330000.0
332,['쁘떼뜨'],['9.08'],"['4,284명']",[9.08],[4284.0],9.08,4284.0
333,['설리: 허드슨강의 기적'],['8.92'],['62만명'],[8.92],[620000.0],8.92,620000.0
334,['젠틀맨'],['6.65'],['22만명'],[6.65],[220000.0],6.65,220000.0
335,['터닝메카드W: 블랙미러의 부활'],['8.86'],['43만명'],[8.86],[430000.0],8.86,430000.0
336,['작은 소망'],['7.76'],"['8,053명']",[7.76],[8053.0],7.76,8053.0
337,"['마다가스카3 : 이번엔 서커스다!', '토마스와 친구들: 블루마운틴 미스터리']","['9.02', '8.57']","['163만명', '1.2만명']","[9.02, 8.57]","[1630000.0, 12000.0]",8.795,821000.0
338,['최후의 Z'],['6.12'],"['3,449명']",[6.12],[3449.0],6.12,3449.0
339,['세이프'],['missing data'],['missing data'],0,0,0.0,0.0
340,['나비효과'],['missing data'],['missing data'],0,0,0.0,0.0
341,['왕의 남자'],['9.04'],"['1,051만명']",[9.04],[10510000.0],9.04,10510000.0
342,['윈드랜드'],['7.85'],['2.4만명'],[7.85],[24000.0],7.85,24000.0
343,['터키쉬 아이스크림'],['6.38'],['7명'],[6.38],[7.0],6.38,7.0
344,['한산: 용의 출현'],['8.54'],['726만명'],[8.54],[7260000.0],8.54,7260000.0
345,['강철비2: 정상회담'],['7.91'],['181만명'],[7.91],[1810000.0],7.91,1810000.0
346,['극장판 미니특공대: 공룡왕 디노'],['6.67'],['7.9만명'],[6.67],[79000.0],6.67,79000.0
347,"['빅 히어로', '라야와 마지막 드래곤']","['9.28', '9.42']","['280만명', '32만명']","[9.28, 9.42]","[2800000.0, 320000.0]",9.35,1560000.0
348,[],0,0,0,0,0.0,0.0
349,['그린 인페르노'],['missing data'],['missing data'],0,0,0.0,0.0
350,['툴리'],['missing data'],['missing data'],0,0,0.0,0.0
351,['먹고 기도하고 사랑하라'],['6.67'],['50만명'],[6.67],[500000.0],6.67,500000.0
352,['사랑이 눈뜰 때'],['8.31'],"['2,695명']",[8.31],[2695.0],8.31,2695.0
353,['가디언즈 오브 갤럭시 VOL. 2'],['9.05'],['273만명'],[9.05],[2730000.0],9.05,2730000.0
354,['장화신은 고양이: 끝내주는 모험'],['8.41'],['83만명'],[8.41],[830000.0],8.41,830000.0
355,['좀비'],['missing data'],['missing data'],0,0,0.0,0.0
356,['어떤 약속'],['missing data'],['missing data'],0,0,0.0,0.0
357,['극장판 엉덩이 탐정: 화려한 사건 수첩'],['5.71'],['14만명'],[5.71],[140000.0],5.71,140000.0
358,['극장판 레이디버그: 미라클스톤의 비밀'],['8.96'],['3.4만명'],[8.96],[34000.0],8.96,34000.0
359,['극장판 뽀잉: 슈퍼 변신의 비밀'],['8.36'],['4.1만명'],[8.36],[41000.0],8.36,41000.0
360,['모탈: 레전드 오브 토르'],['5.84'],['808명'],[5.84],[808.0],5.84,808.0
361,['더 길티'],['7.79'],['missing data'],[7.79],0,7.79,0.0
362,['라스트 레터'],['8.35'],['1.2만명'],[8.35],[12000.0],8.35,12000.0
363,['더블패티'],['9.16'],['1.5만명'],[9.16],[15000.0],9.16,15000.0
364,['로맨틱 레시피'],['missing data'],['missing data'],0,0,0.0,0.0
365,['최후의 인류'],['missing data'],['missing data'],0,0,0.0,0.0
366,[],0,0,0,0,0.0,0.0
367,[],0,0,0,0,0.0,0.0
368,['모어 댄 블루'],['7.92'],['2.7만명'],[7.92],[27000.0],7.92,27000.0
369,['모나리자 스마일'],['8.03'],['missing data'],[8.03],0,8.03,0.0
370,['크림슨 피크'],['7.41'],['4.6만명'],[7.41],[46000.0],7.41,46000.0
371,['언노운 걸'],['8.17'],['2.5만명'],[8.17],[25000.0],8.17,25000.0
372,['킥 애스 2 : 겁없는 녀석들'],['8.16'],['1.2만명'],[8.16],[12000.0],8.16,12000.0
373,['프린세스 아야'],['7.09'],['2만명'],[7.09],[20000.0],7.09,20000.0
374,['서울괴담'],['5.49'],['11만명'],[5.49],[110000.0],5.49,110000.0
375,"['극장판 포켓몬스터 너로 정했다!', '루돌프와 많이있어']","['8.91', '8.73']","['50만명', '21만명']","[8.91, 8.73]","[500000.0, 210000.0]",8.82,355000.0
376,['공조'],['7.94'],['698만명'],[7.94],[6980000.0],7.94,6980000.0
377,['프렌즈: 둥지탈출'],['8.85'],['1.7만명'],[8.85],[17000.0],8.85,17000.0
378,['더 포스트'],['8.80'],['14만명'],[8.8],[140000.0],8.8,140000.0
379,['헤이팅 게임'],['missing data'],['missing data'],0,0,0.0,0.0
380,['크루즈 패밀리'],['9.35'],['23만명'],[9.35],[230000.0],9.35,230000.0
381,['뽀로로 극장판 컴퓨터 왕국 대모험'],['8.82'],['44만명'],[8.82],[440000.0],8.82,440000.0
382,['마이 리틀 자이언트'],['8.03'],['12만명'],[8.03],[120000.0],8.03,120000.0
383,['덩케르크'],['8.61'],['281만명'],[8.61],[2810000.0],8.61,2810000.0
384,['블랙핑크 더 무비'],['9.22'],['1.5만명'],[9.22],[15000.0],9.22,15000.0
385,['2016 대단한단편영화제-개막식+개막작'],['missing data'],['missing data'],0,0,0.0,0.0
386,['최악의 하루'],['8.49'],['8.1만명'],[8.49],[81000.0],8.49,81000.0
387,['낯선 자들의 땅'],['missing data'],['missing data'],0,0,0.0,0.0
388,['에로스'],['missing data'],['missing data'],0,0,0.0,0.0
389,['토이 가디언즈'],['7.15'],['1.4만명'],[7.15],[14000.0],7.15,14000.0
390,['허삼관'],['7.61'],['95만명'],[7.61],[950000.0],7.61,950000.0
391,['칠드런 액트'],['9.05'],['2.5만명'],[9.05],[25000.0],9.05,25000.0
392,['심연'],['missing data'],['missing data'],0,0,0.0,0.0
393,['와일드 로즈'],['missing data'],['missing data'],0,0,0.0,0.0
394,['토리코 : 출발! 구르메 어드벤처!!'],['missing data'],['missing data'],0,0,0.0,0.0
395,['이터널스'],['6.43'],['305만명'],[6.43],[3050000.0],6.43,3050000.0
396,['스니치'],['8.41'],['4.1만명'],[8.41],[41000.0],8.41,41000.0
397,['헤이트풀8'],['missing data'],['missing data'],0,0,0.0,0.0
398,['로건'],['missing data'],['missing data'],0,0,0.0,0.0
399,['감기'],['6.92'],['311만명'],[6.92],[3110000.0],6.92,3110000.0
400,['헌터 킬러'],['9.00'],['5.7만명'],[9.0],[57000.0],9.0,57000.0
401,"['좋아해, 너를']",['8.67'],['3.1만명'],[8.67],[31000.0],8.67,31000.0
402,['드래곤 길들이기 2'],['8.80'],['299만명'],[8.8],[2990000.0],8.8,2990000.0
403,"['극장판 포켓몬스터: 정글의 아이, 코코']",['9.08'],['21만명'],[9.08],[210000.0],9.08,210000.0
404,['스파이'],['8.82'],['231만명'],[8.82],[2310000.0],8.82,2310000.0
405,['라스트베가스'],['8.65'],['17만명'],[8.65],[170000.0],8.65,170000.0
406,['제10회 미쟝센 단편영화제-개막식'],['missing data'],['missing data'],0,0,0.0,0.0
407,['하이큐!! 콘셉트의 싸움'],['9.51'],['2.6만명'],[9.51],[26000.0],9.51,26000.0
408,['데스가즘'],['missing data'],['missing data'],0,0,0.0,0.0
409,['피넛 버터 팔콘'],['8.82'],"['6,144명']",[8.82],[6144.0],8.82,6144.0
410,['로망'],['missing data'],['missing data'],0,0,0.0,0.0
411,"['부라더', '정직한 후보']","['7.83', '6.94']","['149만명', '89만명']","[7.83, 6.94]","[1490000.0, 890000.0]",7.385,1190000.0
412,['아이 엠 우먼'],['7.69'],['2.2만명'],[7.69],[22000.0],7.69,22000.0
413,['센츄리온'],['7.07'],['7.2만명'],[7.07],[72000.0],7.07,72000.0
414,[],0,0,0,0,0.0,0.0
415,"['뽀로로 극장판 보물섬 대모험', '뽀로로 극장판 공룡섬 대모험']","['9.36', '9.22']","['76만명', '82만명']","[9.36, 9.22]","[760000.0, 820000.0]",9.29,790000.0
416,['유령'],['7.29'],['수상내역보기'],[7.29],0,7.29,0.0
417,['커터'],['6.41'],['1.9만명'],[6.41],[19000.0],6.41,19000.0
418,['태일이'],['8.46'],['12만명'],[8.46],[120000.0],8.46,120000.0
419,['킹덤 오브 헤븐: 디렉터스 컷'],['missing data'],['missing data'],0,0,0.0,0.0
420,[],0,0,0,0,0.0,0.0
421,['스왈로 탐험대와 아마존 해적'],['missing data'],['missing data'],0,0,0.0,0.0
422,"['퍼스트 어벤져', '베일리 어게인']","['7.81', '9.42']","['51만명', '9.4만명']","[7.81, 9.42]","[510000.0, 94000.0]",8.615,302000.0
423,['투 아이즈'],['6.62'],"['8,460명']",[6.62],[8460.0],6.62,8460.0
424,[],0,0,0,0,0.0,0.0
425,['퍼니셔'],['6.87'],['missing data'],[6.87],0,6.87,0.0
426,['봄날의 약속'],['missing data'],['missing data'],0,0,0.0,0.0
427,['숲속으로'],['5.49'],['34만명'],[5.49],[340000.0],5.49,340000.0
428,['총알탄 사나이'],['8.38'],['missing data'],[8.38],0,8.38,0.0
429,['남자가 사랑할 때'],['8.48'],['198만명'],[8.48],[1980000.0],8.48,1980000.0
430,['아기곰 보보 구출 대작전'],['7.54'],['1.6만명'],[7.54],[16000.0],7.54,16000.0
431,['23℃'],['missing data'],['missing data'],0,0,0.0,0.0
432,['라이브 TV'],['missing data'],['missing data'],0,0,0.0,0.0
433,['바바둑'],['수상내역보기'],['missing data'],[0],0,0.0,0.0
434,['캐빈 인 더 우즈'],['7.02'],['22만명'],[7.02],[220000.0],7.02,220000.0
435,['안녕자두야 서유기 : 어쩌다 영웅'],['missing data'],['missing data'],0,0,0.0,0.0
436,['번개맨과 신비의 섬'],['9.42'],['6만명'],[9.42],[60000.0],9.42,60000.0
437,['고양이 집사'],['9.32'],"['2,999명']",[9.32],[2999.0],9.32,2999.0
438,[],0,0,0,0,0.0,0.0
439,['36.5℃'],['missing data'],['missing data'],0,0,0.0,0.0
440,['해피 데스데이 2 유'],['8.27'],['41만명'],[8.27],[410000.0],8.27,410000.0
441,['킬링시즌'],['6.84'],"['9,240명']",[6.84],[9240.0],6.84,9240.0
442,['아내를 죽였다'],['7.48'],['9.8만명'],[7.48],[98000.0],7.48,98000.0
443,['마음이 외치고 싶어해'],['7.21'],"['6,043명']",[7.21],[6043.0],7.21,6043.0
444,['프리! 더 파이널 스트로크 전편'],['9.17'],['1.3만명'],[9.17],[13000.0],9.17,13000.0
445,['리빙보이 인 뉴욕'],['8.14'],['3.2만명'],[8.14],[32000.0],8.14,32000.0
446,['크로스보'],['missing data'],['missing data'],0,0,0.0,0.0
447,[],0,0,0,0,0.0,0.0
448,['더 웨이브'],['7.70'],['1.6만명'],[7.7],[16000.0],7.7,16000.0
449,[],0,0,0,0,0.0,0.0
450,[],0,0,0,0,0.0,0.0
451,['삭제하시겠습니까?'],['missing data'],['missing data'],0,0,0.0,0.0
452,['블루'],['9.02'],['missing data'],[9.02],0,9.02,0.0
453,['리플레이'],['missing data'],['missing data'],0,0,0.0,0.0
454,['2046'],['8.14'],['수상내역보기'],[8.14],0,8.14,0.0
455,['살인자의 기억법'],['8.17'],['265만명'],[8.17],[2650000.0],8.17,2650000.0
456,['악질경찰'],['6.72'],"['1,979명']",[6.72],[1979.0],6.72,1979.0
457,['다만 악에서 구하소서 파이널컷'],['7.68'],['3.7만명'],[7.68],[37000.0],7.68,37000.0
458,['커뮤터'],['missing data'],['missing data'],0,0,0.0,0.0
459,['빅샤크: 매직체인지'],['7.62'],['13만명'],[7.62],[130000.0],7.62,130000.0
460,['당신얼굴 앞에서'],['7.41'],"['5,306명']",[7.41],[5306.0],7.41,5306.0
461,['옥자'],['8.77'],['수상내역보기'],[8.77],0,8.77,0.0
462,['리벤지'],['6.83'],['170명'],[6.83],[170.0],6.83,170.0
463,['그녀의 버킷리스트'],['5.00'],['SERIESON'],[5.0],0,5.0,0.0
464,['군산: 거위를 노래하다'],['8.05'],['1.5만명'],[8.05],[15000.0],8.05,15000.0
465,['나의 히어로 아카데미아 더 무비: 월드 히어로즈 미션'],['8.95'],['4.8만명'],[8.95],[48000.0],8.95,48000.0
466,['수퍼 소닉2'],['7.76'],['31만명'],[7.76],[310000.0],7.76,310000.0
467,[],0,0,0,0,0.0,0.0
468,['류이치 사카모토: 에이싱크'],['8.53'],"['1,224명']",[8.53],[1224.0],8.53,1224.0
469,['중독'],['missing data'],['missing data'],0,0,0.0,0.0
470,"['유, 더 리빙']",['7.36'],['745명'],[7.36],[745.0],7.36,745.0
471,['미스 리틀 선샤인'],['8.96'],['2.6만명'],[8.96],[26000.0],8.96,26000.0
472,['신데렐라 2: 마법에 걸린 왕자'],['6.94'],['3.9만명'],[6.94],[39000.0],6.94,39000.0
473,"['극장판 공룡메카드: 타이니소어의 섬', '헬로 카봇']","['9.17', '8.29']","['41만명', '22만명']","[9.17, 8.29]","[410000.0, 220000.0]",8.73,315000.0
474,['온딘'],['missing data'],['missing data'],0,0,0.0,0.0
475,['원더'],['9.43'],['27만명'],[9.43],[270000.0],9.43,270000.0
476,['보물 원정대'],['missing data'],['missing data'],0,0,0.0,0.0
477,['업사이드'],['9.68'],['4.4만명'],[9.68],[44000.0],9.68,44000.0
478,['별 시(別 時)'],['missing data'],['missing data'],0,0,0.0,0.0
479,"['메이크 유어 무브', '기억을 만나다']","['6.64', '6.51']","['9,368명', 'missing data']","[6.64, 6.51]",[9368.0],6.574999999999999,9368.0
480,['별을 쫓는 아이'],['8.16'],['6.4만명'],[8.16],[64000.0],8.16,64000.0
481,['그녀의 인생은 잘못이 없어'],['6.27'],['215명'],[6.27],[215.0],6.27,215.0
482,['빅샤크2: 해저2만리'],['7.90'],['5.3만명'],[7.9],[53000.0],7.9,53000.0
483,['다이빙벨 그후'],['5.85'],"['2,981명']",[5.85],[2981.0],5.85,2981.0
484,['7월 수요단편극장 “연상호 감독 특별전”'],['missing data'],['missing data'],0,0,0.0,0.0
485,"['섬 엘리스', '오페라 무페 거리']","['missing data', 'missing data']","['missing data', 'missing data']",0,0,0.0,0.0
486,['파스케이프- 은하계 대전쟁'],['missing data'],['missing data'],0,0,0.0,0.0
487,['루돌프와 많이있어'],['8.73'],['21만명'],[8.73],[210000.0],8.73,210000.0
488,['코드 기아스 반역의 를르슈 III -황도-'],['missing data'],['missing data'],0,0,0.0,0.0
489,"['광해, 왕이 된 남자']",['9.26'],"['1,232만명']",[9.26],[12320000.0],9.26,12320000.0
490,['어벤져스: 인피니티 워'],['9.08'],"['1,123만명']",[9.08],[11230000.0],9.08,11230000.0
491,['에이미'],['9.12'],['1.2만명'],[9.12],[12000.0],9.12,12000.0
492,['트럼보'],['8.76'],['6.1만명'],[8.76],[61000.0],8.76,61000.0
493,[],0,0,0,0,0.0,0.0
494,['극장판 헬로카봇 : 달나라를 구해줘!'],['7.92'],['59만명'],[7.92],[590000.0],7.92,590000.0
495,['더 테러 라이브'],['4.14'],['missing data'],[4.14],0,4.14,0.0
496,['어른들은 몰라요'],['6.92'],['3.5만명'],[6.92],[35000.0],6.92,35000.0
497,['스피드 4초'],['missing data'],['missing data'],0,0,0.0,0.0
498,['4월 단편 상상극장-박정민 헤는 밤'],['missing data'],['missing data'],0,0,0.0,0.0
499,['차일드 44'],['8.00'],['2.1만명'],[8.0],[21000.0],8.0,21000.0
500,['반지의 제왕 : 두개의 탑'],['9.80'],['소설'],[9.8],0,9.8,0.0
501,['슬픈 열대'],['missing data'],['missing data'],0,0,0.0,0.0
502,['하이큐!! 재능과 센스'],['9.55'],['4.4만명'],[9.55],[44000.0],9.55,44000.0
503,['혹성탈출: 종의 전쟁'],['8.15'],['205만명'],[8.15],[2050000.0],8.15,2050000.0
504,['라이프'],['7.82'],['45만명'],[7.82],[450000.0],7.82,450000.0
505,['버즈 오브 프레이(할리 퀸의 황홀한 해방)'],['8.22'],['40만명'],[8.22],[400000.0],8.22,400000.0
506,['나의 히어로 아카데미아 더 무비: 두 명의 히어로'],['9.31'],['1.9만명'],[9.31],[19000.0],9.31,19000.0
507,['하드코어 헨리'],['6.70'],['4.6만명'],[6.7],[46000.0],6.7,46000.0
508,['카페의 소녀'],['missing data'],['missing data'],0,0,0.0,0.0
509,['킹 리차드'],['7.77'],['1만명'],[7.77],[10000.0],7.77,10000.0
510,['월래스와 그로밋 : 거대토끼의 저주'],['missing data'],['missing data'],0,0,0.0,0.0
511,['더 스파이'],['8.56'],['31만명'],[8.56],[310000.0],8.56,310000.0
512,['스파이 서바이버 무삭제판'],['missing data'],['missing data'],0,0,0.0,0.0
513,['내 친한 친구의 아침식사'],['6.58'],"['9,319명']",[6.58],[9319.0],6.58,9319.0
514,[],0,0,0,0,0.0,0.0
515,['미션 임파서블: 로그네이션'],['8.81'],['612만명'],[8.81],[6120000.0],8.81,6120000.0
516,['엑스맨: 아포칼립스'],['8.24'],['293만명'],[8.24],[2930000.0],8.24,2930000.0
517,"['스파이더맨: 뉴 유니버스', '가디언즈']","['9.37', '9.18']","['72만명', '108만명']","[9.37, 9.18]","[720000.0, 1080000.0]",9.274999999999999,900000.0
518,['스타워즈: 라스트 제다이'],['7.80'],['95만명'],[7.8],[950000.0],7.8,950000.0
519,['이란희 단편선_I 독립영화여성감독전'],['missing data'],['missing data'],0,0,0.0,0.0
520,['미드소마 감독판'],['missing data'],['missing data'],0,0,0.0,0.0
521,['리슨'],['missing data'],['missing data'],0,0,0.0,0.0
522,"['우리 가족 삼총사', '아스테릭스: 신들의 전당']","['missing data', '8.60']","['missing data', '1.5만명']",[8.6],[15000.0],8.6,15000.0
523,[],0,0,0,0,0.0,0.0
524,['명탐정 코난 : 탐정들의 진혼가'],['8.72'],['18만명'],[8.72],[180000.0],8.72,180000.0
525,['어트랙션'],['missing data'],['missing data'],0,0,0.0,0.0
526,['고장난 론'],['8.47'],['16만명'],[8.47],[160000.0],8.47,160000.0
527,['네가 내가 되었으면 좋겠다'],['8.11'],['297명'],[8.11],[297.0],8.11,297.0
528,['이시다 히로야스 X 아라이 요지로 특별전'],['missing data'],['missing data'],0,0,0.0,0.0
529,['고스트 메신저 극장판'],['9.19'],['2.3만명'],[9.19],[23000.0],9.19,23000.0
530,['모털 엔진'],['7.19'],['26만명'],[7.19],[260000.0],7.19,260000.0
531,['로스트 인 아프리카'],['missing data'],['missing data'],0,0,0.0,0.0
532,['극장판 포켓몬스터DP: 기라티나와 하늘의 꽃다발 쉐이미'],['8.18'],['58만명'],[8.18],[580000.0],8.18,580000.0
533,['어벤져스: 인피니티 워'],['9.08'],"['1,123만명']",[9.08],[11230000.0],9.08,11230000.0
534,['꼬마 자전거 스피디'],['7.74'],"['9,510명']",[7.74],[9510.0],7.74,9510.0
535,['목소리의 형태'],['8.75'],['27만명'],[8.75],[270000.0],8.75,270000.0
536,['메이킹 패밀리'],['missing data'],['missing data'],0,0,0.0,0.0
537,['제로 다크 서티'],['8.26'],['10만명'],[8.26],[100000.0],8.26,100000.0
538,['킹 오브 프리즘 - 프라이드 더 히어로'],['missing data'],['missing data'],0,0,0.0,0.0
539,['노스맨: 바이킹과 늑대군단'],['missing data'],['missing data'],0,0,0.0,0.0
540,['당신과 함께한 순간들'],['8.14'],"['5,486명']",[8.14],[5486.0],8.14,5486.0
541,['몬몬몬 몬스터'],['8.27'],"['3,436명']",[8.27],[3436.0],8.27,3436.0
542,['아담스 패밀리'],['6.86'],['11만명'],[6.86],[110000.0],6.86,110000.0
543,['게스트하우스'],['7.30'],['303명'],[7.3],[303.0],7.3,303.0
544,['하이큐!! 땅 VS 하늘'],['8.52'],['4.3만명'],[8.52],[43000.0],8.52,43000.0
545,['데스 오브 미'],['3.86'],['20명'],[3.86],[20.0],3.86,20.0
546,['국가부도의 날'],['8.71'],['375만명'],[8.71],[3750000.0],8.71,3750000.0
547,['라이트 아웃'],['7.71'],['111만명'],[7.71],[1110000.0],7.71,1110000.0
548,['피끓는 청춘'],['7.54'],['167만명'],[7.54],[1670000.0],7.54,1670000.0
549,['카메라를 멈추면 안 돼!'],['7.35'],"['1,506명']",[7.35],[1506.0],7.35,1506.0
550,['어니스트 씨프'],['8.65'],['8.2만명'],[8.65],[82000.0],8.65,82000.0
551,['브랜단 앤 트루디'],['8.30'],['missing data'],[8.3],0,8.3,0.0
552,['다크 나이트'],['9.65'],['422만명'],[9.65],[4220000.0],9.65,4220000.0
553,['구직자들'],['7.10'],['962명'],[7.1],[962.0],7.1,962.0
554,"['프린스 코기', '빅풋 주니어']","['8.78', '9.00']","['20만명', '1.4만명']","[8.78, 9.0]","[200000.0, 14000.0]",8.89,107000.0
555,['캡틴 아메리카: 시빌 워'],['8.83'],['867만명'],[8.83],[8670000.0],8.83,8670000.0
556,['내부자들: 디 오리지널'],['9.09'],['208만명'],[9.09],[2080000.0],9.09,2080000.0
557,['주키퍼스 와이프'],['8.58'],['1.1만명'],[8.58],[11000.0],8.58,11000.0
558,['아미나 프로필'],['missing data'],['missing data'],0,0,0.0,0.0
559,"['사랑해, 리우']",['missing data'],['missing data'],0,0,0.0,0.0
560,['강철비'],['7.91'],['181만명'],[7.91],[1810000.0],7.91,1810000.0
561,['더 보이'],['7.49'],['5.7만명'],[7.49],[57000.0],7.49,57000.0
562,['서던 리치: 소멸의 땅'],['NETFLIX'],['missing data'],[0],0,0.0,0.0
563,['서치'],['8.96'],['295만명'],[8.96],[2950000.0],8.96,2950000.0
564,['극장판 엉덩이 탐정: 텐텐마을의 수수께끼'],['8.93'],['1.4만명'],[8.93],[14000.0],8.93,14000.0
565,"['엔드 콜', '비밀애']","['4.11', '4.85']","['missing data', '16만명']","[4.11, 4.85]",[160000.0],4.48,160000.0
566,['귀가'],['missing data'],['missing data'],0,0,0.0,0.0
567,['씨 피버'],['5.66'],"['8,915명']",[5.66],[8915.0],5.66,8915.0
568,['해피 엔드'],['8.40'],['수상내역보기'],[8.4],0,8.4,0.0
569,['트레이터'],['7.05'],"['2,036명']",[7.05],[2036.0],7.05,2036.0
570,['유성검'],['1.00'],['missing data'],[1.0],0,1.0,0.0
571,['플레이모빌: 더 무비'],['8.23'],['2.8만명'],[8.23],[28000.0],8.23,28000.0
572,['크루즈 패밀리: 뉴 에이지'],['9.35'],['23만명'],[9.35],[230000.0],9.35,230000.0
573,['샷 콜러'],['8.57'],"['3,147명']",[8.57],[3147.0],8.57,3147.0
574,['번개맨'],['missing data'],['missing data'],0,0,0.0,0.0
575,['안녕의 온도'],['missing data'],['missing data'],0,0,0.0,0.0
576,['형'],['8.91'],['298만명'],[8.91],[2980000.0],8.91,2980000.0
577,['타짜-신의 손'],['7.77'],['401만명'],[7.77],[4010000.0],7.77,4010000.0
578,['크로싱 더 라인'],['missing data'],['missing data'],0,0,0.0,0.0
579,['신과함께-인과 연'],['8.63'],"['1,227만명']",[8.63],[12270000.0],8.63,12270000.0
580,['테스와 보낸 여름'],['9.16'],['1만명'],[9.16],[10000.0],9.16,10000.0
581,['몬스터 콜'],['8.58'],['8.9만명'],[8.58],[89000.0],8.58,89000.0
582,['서울독립영화제 2015 특별단편 5'],['missing data'],['missing data'],0,0,0.0,0.0
583,['코다'],['8.80'],['7.8만명'],[8.8],[78000.0],8.8,78000.0
584,['미스터 고'],['7.76'],['132만명'],[7.76],[1320000.0],7.76,1320000.0
585,['배꼽'],['5.73'],['50명'],[5.73],[50.0],5.73,50.0
586,['배드 가이즈'],['8.15'],['40만명'],[8.15],[400000.0],8.15,400000.0
587,['악령의 재림 13-13-13'],['2.71'],['1명'],[2.71],[1.0],2.71,1.0
588,['트릭 오어 트릿'],['missing data'],['missing data'],0,0,0.0,0.0
589,['괴물의 아이'],['8.73'],['22만명'],[8.73],[220000.0],8.73,220000.0
590,['송가인 더 드라마'],['9.07'],['1.6만명'],[9.07],[16000.0],9.07,16000.0
591,['팬텀: 라스트 커맨더'],['7.05'],"['3,777명']",[7.05],[3777.0],7.05,3777.0
592,['플레이온'],['missing data'],['missing data'],0,0,0.0,0.0
593,['네버엔딩 스토리'],['7.44'],['28만명'],[7.44],[280000.0],7.44,280000.0
594,['굿 파더'],['missing data'],['missing data'],0,0,0.0,0.0
595,[],0,0,0,0,0.0,0.0
596,['하울의 움직이는 성'],['9.35'],['수상내역보기'],[9.35],0,9.35,0.0
597,['액슬'],['8.27'],['1.8만명'],[8.27],[18000.0],8.27,18000.0
598,['무림신검'],['missing data'],['missing data'],0,0,0.0,0.0
599,['스파이 캣'],['6.79'],"['7,495명']",[6.79],[7495.0],6.79,7495.0
600,[],0,0,0,0,0.0,0.0
601,['글리: 더 3D 콘서트 무비'],['missing data'],['missing data'],0,0,0.0,0.0
602,['복수의 길'],['missing data'],['missing data'],0,0,0.0,0.0
603,['보리울의 여름'],['8.58'],['missing data'],[8.58],0,8.58,0.0
604,['래시 컴 홈'],['7.66'],"['2,498명']",[7.66],[2498.0],7.66,2498.0
605,['에펠'],['6.19'],"['7,206명']",[6.19],[7206.0],6.19,7206.0
606,"['성난황소', '증발']","['8.66', '7.50']","['159만명', '수상내역보기']","[8.66, 7.5]",[1590000.0],8.08,1590000.0
607,['피어 X'],['missing data'],['missing data'],0,0,0.0,0.0
608,['나쁜 녀석들: 포에버'],['8.55'],['54만명'],[8.55],[540000.0],8.55,540000.0
609,['극장판 짱구는 못말려 : 습격!! 외계인 덩덩이'],['missing data'],['missing data'],0,0,0.0,0.0
610,['넛잡: 땅콩 도둑들'],['7.33'],['47만명'],[7.33],[470000.0],7.33,470000.0
611,"['안녕, 나의 1948']",['missing data'],['missing data'],0,0,0.0,0.0
612,['지저귀는 새는 날지 않는다: 돈 스테이 골드'],['8.38'],['341명'],[8.38],[341.0],8.38,341.0
613,[],0,0,0,0,0.0,0.0
614,['타이페이 스토리'],['8.52'],"['5,400명']",[8.52],[5400.0],8.52,5400.0
615,"['욕창', '바다가 보인다']","['8.55', 'missing data']","['1,651명', 'missing data']",[8.55],[1651.0],8.55,1651.0
616,['극장판 토리코 : 미식신의 스페셜메뉴'],['9.06'],['1.2만명'],[9.06],[12000.0],9.06,12000.0
617,['귀소'],['missing data'],['missing data'],0,0,0.0,0.0
618,['인시디어스 3'],['7.39'],['82만명'],[7.39],[820000.0],7.39,820000.0
619,['아웃 오브 더 퍼니스'],['수상내역보기'],['missing data'],[0],0,0.0,0.0
620,['패트리어트 데이'],['8.89'],['7.4만명'],[8.89],[74000.0],8.89,74000.0
621,['롱 리브 더 킹: 목포 영웅'],['8.61'],['109만명'],[8.61],[1090000.0],8.61,1090000.0
622,['패딩턴'],['9.13'],['33만명'],[9.13],[330000.0],9.13,330000.0
623,"['인컨시버블', '킨: 더 비기닝']","['6.83', '9.27']","['missing data', '1.7만명']","[6.83, 9.27]",[17000.0],8.05,17000.0
624,['내 친구의 딸2'],['missing data'],['missing data'],0,0,0.0,0.0
625,['더 퍼스트 슬램덩크'],['missing data'],['missing data'],0,0,0.0,0.0
626,['글로리데이'],['8.55'],['18만명'],[8.55],[180000.0],8.55,180000.0
627,['미스트리스 아메리카'],['7.80'],"['7,996명']",[7.8],[7996.0],7.8,7996.0
628,['히비키'],['missing data'],['missing data'],0,0,0.0,0.0
629,[],0,0,0,0,0.0,0.0
630,['극장판 파워레인저: 닌자포스 VS 트레인포스 닌자 인 원더랜드'],['8.51'],['6.4만명'],[8.51],[64000.0],8.51,64000.0
631,['디 아더 맨'],['5.09'],['125명'],[5.09],[125.0],5.09,125.0
632,['라플라스의 마녀'],['6.88'],"['9,666명']",[6.88],[9666.0],6.88,9666.0
633,['더 랍스터'],['8.23'],['6만명'],[8.23],[60000.0],8.23,60000.0
634,['투 프렌즈'],['missing data'],['missing data'],0,0,0.0,0.0
635,['뱅드림! 로젤리아 에피소드Ⅰ: 약속'],['9.08'],['2.1만명'],[9.08],[21000.0],9.08,21000.0
636,['커런트 워'],['7.47'],['21만명'],[7.47],[210000.0],7.47,210000.0
637,[],0,0,0,0,0.0,0.0
638,['더 시그널'],['6.54'],['10만명'],[6.54],[100000.0],6.54,100000.0
639,['험난한 인생'],['missing data'],['missing data'],0,0,0.0,0.0
640,['[PDFF2015] 장애인미디어운동1 + 한국영화초청3'],['missing data'],['missing data'],0,0,0.0,0.0
641,['후드'],['missing data'],['missing data'],0,0,0.0,0.0
642,['인시디어스4: 라스트 키'],['7.33'],['55만명'],[7.33],[550000.0],7.33,550000.0
643,['우리의 20세기'],['8.44'],['3.5만명'],[8.44],[35000.0],8.44,35000.0
644,['월플라워'],['9.09'],['1.7만명'],[9.09],[17000.0],9.09,17000.0
645,['언어의 정원'],['2013.08.14.'],['8.91'],[0],0,0.0,0.0
646,['오오단편극장 - 이학주 배우전'],['missing data'],['missing data'],0,0,0.0,0.0
647,['새출발'],['missing data'],['missing data'],0,0,0.0,0.0
648,['히트'],['9.30'],['missing data'],[9.3],0,9.3,0.0
649,['맛있는 녀석들'],['5.13'],"['3,279명']",[5.13],[3279.0],5.13,3279.0
650,['박화영'],['8.85'],"['5,981명']",[8.85],[5981.0],8.85,5981.0
651,['딥씨 챌린지'],['8.33'],"['1,369명']",[8.33],[1369.0],8.33,1369.0
652,[],0,0,0,0,0.0,0.0
653,['박열'],['8.48'],['235만명'],[8.48],[2350000.0],8.48,2350000.0
654,['좀비크러쉬: 헤이리'],['4.75'],['897명'],[4.75],[897.0],4.75,897.0
655,['색화동'],['missing data'],['missing data'],0,0,0.0,0.0
656,['나를 만나는 길'],['8.17'],['1.1만명'],[8.17],[11000.0],8.17,11000.0
657,['23 아이덴티티'],['7.94'],['167만명'],[7.94],[1670000.0],7.94,1670000.0
658,['유령선'],['missing data'],['missing data'],0,0,0.0,0.0
659,[],0,0,0,0,0.0,0.0
660,['킬링 디어'],['8.30'],['6만명'],[8.3],[60000.0],8.3,60000.0
661,['더 트로이'],['missing data'],['missing data'],0,0,0.0,0.0
662,['무스탕 가는 길'],['missing data'],['missing data'],0,0,0.0,0.0
663,[],0,0,0,0,0.0,0.0
664,['극장판 위 베어 베어스: 곰 브라더스'],['7.65'],['3.2만명'],[7.65],[32000.0],7.65,32000.0
665,['대장 김창수'],['missing data'],['missing data'],0,0,0.0,0.0
666,['국경의 왕'],['7.96'],"['2,126명']",[7.96],[2126.0],7.96,2126.0
667,['반지의 제왕 : 반지원정대'],['9.84'],['소설'],[9.84],0,9.84,0.0
668,['귀멸의 칼날: 나타구모산 편'],['8.27'],['4.4만명'],[8.27],[44000.0],8.27,44000.0
669,['7번방의 선물'],['8.83'],"['1,281만명']",[8.83],[12810000.0],8.83,12810000.0
670,['스트레인지 데이즈'],['7.78'],['수상내역보기'],[7.78],0,7.78,0.0
671,['스타워즈: 깨어난 포스'],['8.21'],['327만명'],[8.21],[3270000.0],8.21,3270000.0
672,['제15회 미쟝센 단편영화제 사랑에 관한 짧은 필름1'],['missing data'],['missing data'],0,0,0.0,0.0
673,"['리틀 뱀파이어', '아인보: 아마존의 전설']","['5.14', '6.50']","['2,698명', '5.1만명']","[5.14, 6.5]","[2698.0, 51000.0]",5.82,26849.0
674,['미열'],['missing data'],['missing data'],0,0,0.0,0.0
675,['늑대들'],['missing data'],['missing data'],0,0,0.0,0.0
676,['더 보이스'],['7.53'],['1.2만명'],[7.53],[12000.0],7.53,12000.0
677,['털기 아니면 죽기 : 제한시간 30분'],['missing data'],['missing data'],0,0,0.0,0.0
678,['나를 차버린 스파이'],['8.20'],['26만명'],[8.2],[260000.0],8.2,260000.0
679,"['사랑해, 리우']",['missing data'],['missing data'],0,0,0.0,0.0
680,['마블원샷: 올 헤일 더 킹'],['missing data'],['missing data'],0,0,0.0,0.0
681,['바빌론'],['8.37'],['20만명'],[8.37],[200000.0],8.37,200000.0
682,['세상에서 고양이가 사라진다면'],['8.72'],['7만명'],[8.72],[70000.0],8.72,70000.0
683,[],0,0,0,0,0.0,0.0
684,['빅풋 주니어'],['9.00'],['1.4만명'],[9.0],[14000.0],9.0,14000.0
685,[],0,0,0,0,0.0,0.0
686,['위대한 개츠비'],['8.46'],['144만명'],[8.46],[1440000.0],8.46,1440000.0
687,['정글 크루즈'],['7.52'],['25만명'],[7.52],[250000.0],7.52,250000.0
688,['걸즈 앤 판처 최종장 제1화'],['9.53'],"['4,380명']",[9.53],[4380.0],9.53,4380.0
689,['더 박스'],['missing data'],['missing data'],0,0,0.0,0.0
690,['피어썸'],['5.26'],"['2,670명']",[5.26],[2670.0],5.26,2670.0
691,[],0,0,0,0,0.0,0.0
692,['몬테 카를로'],['missing data'],['missing data'],0,0,0.0,0.0
693,['그러나... 복지를 버리는 시대로'],['missing data'],['missing data'],0,0,0.0,0.0
694,['한국 환경영화의 흐름 단편 3'],['missing data'],['missing data'],0,0,0.0,0.0
695,['나이트 레이더스'],['3.76'],"['2,697명']",[3.76],[2697.0],3.76,2697.0
696,['렛 미 인'],['8.51'],['10만명'],[8.51],[100000.0],8.51,100000.0
697,[],0,0,0,0,0.0,0.0
698,['독전'],['13만명'],['missing data'],[0],0,0.0,0.0
699,['데자뷰'],['6.62'],['4.8만명'],[6.62],[48000.0],6.62,48000.0
700,['호스트: 접속금지'],['6.79'],['1.3만명'],[6.79],[13000.0],6.79,13000.0
701,[],0,0,0,0,0.0,0.0
702,['에브리타임 아이 다이'],['5.02'],"['5,009명']",[5.02],[5009.0],5.02,5009.0
703,['글래스'],['8.06'],['46만명'],[8.06],[460000.0],8.06,460000.0
704,[],0,0,0,0,0.0,0.0
705,"['안녕, 나의 소녀']",['7.09'],['11만명'],[7.09],[110000.0],7.09,110000.0
706,['missing data'],['missing data'],['missing data'],0,0,0.0,0.0
707,['엘리미네이터'],['missing data'],['missing data'],0,0,0.0,0.0
708,['미니특공대X'],['7.91'],['10만명'],[7.91],[100000.0],7.91,100000.0
709,['귀멸의 칼날: 주합회의·나비저택 편'],['7.90'],['2.7만명'],[7.9],[27000.0],7.9,27000.0
710,['더 보이 2: 돌아온 브람스'],['4.72'],['2.6만명'],[4.72],[26000.0],4.72,26000.0
711,"['엔칸토: 마법의 세계', '주토피아']","['7.83', '9.33']","['63만명', '470만명']","[7.83, 9.33]","[630000.0, 4700000.0]",8.58,2665000.0
712,['우먼 인 블랙: 죽음의 천사'],['6.71'],"['9,486명']",[6.71],[9486.0],6.71,9486.0
713,['고발(가제)'],['missing data'],['missing data'],0,0,0.0,0.0
714,['트롤'],['8.81'],['67만명'],[8.81],[670000.0],8.81,670000.0
715,['색다른 그녀'],['5.29'],"['2,605명']",[5.29],[2605.0],5.29,2605.0
716,['해피 데스데이'],['1.75'],['1명'],[1.75],[1.0],1.75,1.0
717,['웜 바디스'],['8.54'],['116만명'],[8.54],[1160000.0],8.54,1160000.0
718,['우먼 인 할리우드'],['9.50'],"['9,920명']",[9.5],[9920.0],9.5,9920.0
719,['럭키'],['8.76'],['697만명'],[8.76],[6970000.0],8.76,6970000.0
720,['내사랑 한옥마을'],['missing data'],['missing data'],0,0,0.0,0.0
721,['라스트 레터'],['8.35'],['1.2만명'],[8.35],[12000.0],8.35,12000.0
722,['심장이 뛴다'],['7.53'],['102만명'],[7.53],[1020000.0],7.53,1020000.0
723,['<퇴근길 영화관> ‘퇴근길 단편선’ GV'],['missing data'],['missing data'],0,0,0.0,0.0
724,['브레이크 더 사일런스: 더 무비'],['9.30'],['13만명'],[9.3],[130000.0],9.3,130000.0
725,['테넷'],['8.73'],['200만명'],[8.73],[2000000.0],8.73,2000000.0
726,['인디스데이 10월 단편'],['missing data'],['missing data'],0,0,0.0,0.0
727,['최선의 삶'],['missing data'],['missing data'],0,0,0.0,0.0
728,[],0,0,0,0,0.0,0.0
729,[],0,0,0,0,0.0,0.0
730,['우리 사랑하는 동안'],['6.98'],['405명'],[6.98],[405.0],6.98,405.0
731,['시크릿'],['7.93'],"['1,330명']",[7.93],[1330.0],7.93,1330.0
732,['가재가 노래하는 곳'],['8.19'],['1.4만명'],[8.19],[14000.0],8.19,14000.0
733,['5.18 힌츠페터 스토리'],['8.28'],['1만명'],[8.28],[10000.0],8.28,10000.0
734,['미시즈 해리스 파리에 가다'],['8.19'],"['9,738명']",[8.19],[9738.0],8.19,9738.0
735,['스타트렉 비욘드'],['8.47'],['115만명'],[8.47],[1150000.0],8.47,1150000.0
736,"['더 호텔', '정직한 후보']","['missing data', '6.94']","['missing data', '89만명']",[6.94],[890000.0],6.94,890000.0
737,['뿌까의 짜장면파티'],['missing data'],['missing data'],0,0,0.0,0.0
738,['스톤월'],['missing data'],['missing data'],0,0,0.0,0.0
739,['고골: 악령과의 전쟁'],['6.15'],['51명'],[6.15],[51.0],6.15,51.0
740,['F20'],['missing data'],['missing data'],0,0,0.0,0.0
741,"['뽀로로 극장판 공룡섬 대모험', '뽀로로 극장판 컴퓨터 왕국 대모험']","['9.22', '8.82']","['82만명', '44만명']","[9.22, 8.82]","[820000.0, 440000.0]",9.02,630000.0
742,['제거자'],['5.08'],['359명'],[5.08],[359.0],5.08,359.0
743,['파티마의 기적'],['9.19'],['1.6만명'],[9.19],[16000.0],9.19,16000.0
744,['리틀드래곤 코코넛'],['8.52'],"['4,275명']",[8.52],[4275.0],8.52,4275.0
745,['패트와 매트: 뚝딱뚝딱 대소동'],['8.29'],"['7,383명']",[8.29],[7383.0],8.29,7383.0
746,['쿠보와 전설의 악기'],['8.57'],['3만명'],[8.57],[30000.0],8.57,30000.0
747,['차이나타운'],['7.57'],['147만명'],[7.57],[1470000.0],7.57,1470000.0
748,['원더스트럭'],['7.22'],['2.6만명'],[7.22],[26000.0],7.22,26000.0
749,['콜 미 바이 유어 네임'],['9.14'],['22만명'],[9.14],[220000.0],9.14,220000.0
750,[],0,0,0,0,0.0,0.0
751,['극장판 5등분의 신부'],['8.19'],['6.2만명'],[8.19],[62000.0],8.19,62000.0
752,['맘마미아!2'],['9.08'],['229만명'],[9.08],[2290000.0],9.08,2290000.0
753,['베스트 엑조틱 메리골드 호텔'],['missing data'],['missing data'],0,0,0.0,0.0
754,['폴라로이드'],['6.38'],['1.2만명'],[6.38],[12000.0],6.38,12000.0
755,['생생활활'],['3.04'],['294명'],[3.04],[294.0],3.04,294.0
756,[],0,0,0,0,0.0,0.0
757,['쿵푸 팬더'],['8.78'],['398만명'],[8.78],[3980000.0],8.78,3980000.0
758,['위플래쉬'],['8.88'],['164만명'],[8.88],[1640000.0],8.88,1640000.0
759,['홈'],['8.32'],"['8,257명']",[8.32],[8257.0],8.32,8257.0
760,['설득'],['8.00'],['NETFLIX'],[8.0],0,8.0,0.0
761,['아이 씨 유'],['7.50'],['1.2만명'],[7.5],[12000.0],7.5,12000.0
762,['바니부기: 드래곤 에그를 찾아서'],['7.50'],['1.6만명'],[7.5],[16000.0],7.5,16000.0
763,['미드웨이'],['8.66'],['95만명'],[8.66],[950000.0],8.66,950000.0
764,['프라이트너'],['8.35'],['missing data'],[8.35],0,8.35,0.0
765,['테이킹 우드스탁'],['7.64'],['1.3만명'],[7.64],[13000.0],7.64,13000.0
766,['동네사람들'],['7.11'],['46만명'],[7.11],[460000.0],7.11,460000.0
767,['missing data'],['missing data'],['missing data'],0,0,0.0,0.0
768,"['부릉! 부릉! 브루미즈: 스피더의 모험 일기', '헬로 카봇']","['7.39', '8.29']","['1.1만명', '22만명']","[7.39, 8.29]","[11000.0, 220000.0]",7.84,115500.0
769,['스웨그'],['9.71'],"['3,214명']",[9.71],[3214.0],9.71,3214.0
770,['듀스 와일드'],['6.33'],['missing data'],[6.33],0,6.33,0.0
771,['쥬만지: 새로운 세계'],['8.44'],['171만명'],[8.44],[1710000.0],8.44,1710000.0
772,['보이 넥스트 도어'],['missing data'],['missing data'],0,0,0.0,0.0
773,['missing data'],['missing data'],['missing data'],0,0,0.0,0.0
774,['기생 : 꽃의 고백'],['7.97'],"['1,933명']",[7.97],[1933.0],7.97,1933.0
775,['루이스'],['missing data'],['missing data'],0,0,0.0,0.0
776,['스물'],['8.61'],['304만명'],[8.61],[3040000.0],8.61,3040000.0
777,['테르마이 로마이'],['6.01'],"['3,319명']",[6.01],[3319.0],6.01,3319.0
778,['여배우들의 티타임'],['8.07'],"['2,138명']",[8.07],[2138.0],8.07,2138.0
779,['프레스티지'],['missing data'],['missing data'],0,0,0.0,0.0
780,['인디스데이 10월 단편'],['missing data'],['missing data'],0,0,0.0,0.0
781,['박강아름의 가장무도회'],['missing data'],['missing data'],0,0,0.0,0.0
782,['극장판 소드 아트 온라인 -프로그레시브- 별 없는 밤의 아리아'],['애니메이션일본97분'],['2021.12.09.'],[0],0,0.0,0.0
783,['파이널크루 : 칸우 탈출작전'],['8.83'],['34명'],[8.83],[34.0],8.83,34.0
784,['케로로 더 무비 5: 기적의 사차원섬'],['missing data'],['missing data'],0,0,0.0,0.0
785,['불한당: 나쁜 놈들의 세상'],['8.15'],['96만명'],[8.15],[960000.0],8.15,960000.0
786,"['당신, 거기 있어줄래요']",['8.80'],['116만명'],[8.8],[1160000.0],8.8,1160000.0
787,['내 심장을 쏴라'],['8.00'],['38만명'],[8.0],[380000.0],8.0,380000.0
788,['극장판 헬로카봇: 옴파로스 섬의 비밀'],['8.76'],['57만명'],[8.76],[570000.0],8.76,570000.0
789,['협상'],['8.16'],['196만명'],[8.16],[1960000.0],8.16,1960000.0
790,['페이트 스테이 나이트 헤븐즈필 제1장 프레시지 플라워'],['9.17'],['4.4만명'],[9.17],[44000.0],9.17,44000.0
791,['스파이 지니어스'],['9.46'],['45만명'],[9.46],[450000.0],9.46,450000.0
792,['녹턴'],['missing data'],['missing data'],0,0,0.0,0.0
793,['음양사'],['missing data'],['missing data'],0,0,0.0,0.0
794,['매직울프'],['6.78'],['2.9만명'],[6.78],[29000.0],6.78,29000.0
795,['콜럼버스'],['7.88'],"['8,506명']",[7.88],[8506.0],7.88,8506.0
796,['극장판 에그엔젤 코코밍: 푸르밍과 두근두근 코코밍 세계'],['8.07'],['13만명'],[8.07],[130000.0],8.07,130000.0
797,['앤트맨'],['missing data'],['missing data'],0,0,0.0,0.0
798,['원스'],['9.16'],['27만명'],[9.16],[270000.0],9.16,270000.0
799,['추억의 검정고무신'],['5.70'],['2만명'],[5.7],[20000.0],5.7,20000.0
800,['스테거링 걸'],['missing data'],['missing data'],0,0,0.0,0.0
801,['호텔 뭄바이'],['9.10'],['7.4만명'],[9.1],[74000.0],9.1,74000.0
802,"['저수지 게임', '부산행:익스텐디드']","['9.69', 'missing data']","['12만명', 'missing data']",[9.69],[120000.0],9.69,120000.0
803,['노매드랜드'],['8.59'],['8.5만명'],[8.59],[85000.0],8.59,85000.0
804,['다키스트 아워'],['9.16'],['3.7만명'],[9.16],[37000.0],9.16,37000.0
805,['울프 콜'],['8.63'],['2.4만명'],[8.63],[24000.0],8.63,24000.0
806,['뱅드림! 필름 라이브 세컨드 스테이지'],['8.86'],['3.4만명'],[8.86],[34000.0],8.86,34000.0
807,['디 오드 라이프 오브 티모시 그린'],['missing data'],['missing data'],0,0,0.0,0.0
808,['하나안'],['7.64'],"['1,020명']",[7.64],[1020.0],7.64,1020.0
809,['안내견'],['missing data'],['missing data'],0,0,0.0,0.0
810,['웨스트 코스트'],['missing data'],['missing data'],0,0,0.0,0.0
811,['고스트 메신저 극장판'],['9.19'],['2.3만명'],[9.19],[23000.0],9.19,23000.0
812,['해피 투게더'],['8.52'],['missing data'],[8.52],0,8.52,0.0
813,['크레이지 리치 아시안'],['7.98'],['15만명'],[7.98],[150000.0],7.98,150000.0
814,['언더더씨'],['7.14'],['4.9만명'],[7.14],[49000.0],7.14,49000.0
815,['위대한 소원'],['8.19'],['30만명'],[8.19],[300000.0],8.19,300000.0
816,['쿵푸 보이'],['8.36'],"['9,263명']",[8.36],[9263.0],8.36,9263.0
817,['바람 바람 바람'],['6.64'],['119만명'],[6.64],[1190000.0],6.64,1190000.0
818,['미스터 주: 사라진 VIP'],['7.55'],['60만명'],[7.55],[600000.0],7.55,600000.0
819,['페이트 스테이 나이트 헤븐즈필 제2장 로스트 버터플라이'],['9.34'],['4.6만명'],[9.34],[46000.0],9.34,46000.0
820,['신비한 동물들과 그린델왈드의 범죄'],['7.45'],['241만명'],[7.45],[2410000.0],7.45,2410000.0
821,['한산: 용의 출현'],['8.54'],['726만명'],[8.54],[7260000.0],8.54,7260000.0
822,['앵커'],['7.08'],['17만명'],[7.08],[170000.0],7.08,170000.0
823,['반성'],['missing data'],['missing data'],0,0,0.0,0.0
824,['캔디맨'],['6.12'],['5.2만명'],[6.12],[52000.0],6.12,52000.0
825,['동구 밖'],['missing data'],['missing data'],0,0,0.0,0.0
826,['공포 탈출'],['missing data'],['missing data'],0,0,0.0,0.0
827,['missing data'],['missing data'],['missing data'],0,0,0.0,0.0
828,['귀멸의 칼날: 아사쿠사 편'],['7.18'],['2.2만명'],[7.18],[22000.0],7.18,22000.0
829,['머니백'],['7.21'],['5.3만명'],[7.21],[53000.0],7.21,53000.0
830,['3월 단편 상상극장-류혜영을 보라'],['missing data'],['missing data'],0,0,0.0,0.0
831,['바틀 로켓'],['missing data'],['missing data'],0,0,0.0,0.0
832,['가끔 그녀를 생각한다'],['missing data'],['missing data'],0,0,0.0,0.0
833,['스파이더맨: 홈 커밍'],['9.10'],['755만명'],[9.1],[7550000.0],9.1,7550000.0
834,['새벽을 알리는 루의 노래'],['9.22'],"['9,240명']",[9.22],[9240.0],9.22,9240.0
835,['너의 췌장을 먹고 싶어'],['8.50'],['5.3만명'],[8.5],[53000.0],8.5,53000.0
836,"['첫잔처럼', '우리마을']","['8.87', 'missing data']","['290명', 'missing data']",[8.87],[290.0],8.87,290.0
837,['헝거게임: 더 파이널'],['7.87'],['80만명'],[7.87],[800000.0],7.87,800000.0
838,['페이지 터너'],['7.08'],"['1,657명']",[7.08],[1657.0],7.08,1657.0
839,['오피스'],['7.08'],['44만명'],[7.08],[440000.0],7.08,440000.0
840,['레슬러'],['missing data'],['missing data'],0,0,0.0,0.0
841,['트루 스토리'],['missing data'],['missing data'],0,0,0.0,0.0
842,['아빠'],['missing data'],['missing data'],0,0,0.0,0.0
843,['애프터: 관계의 함정'],['6.74'],['1.9만명'],[6.74],[19000.0],6.74,19000.0
844,['극장판 기븐'],['9.53'],"['4,585명']",[9.53],[4585.0],9.53,4585.0
845,"['하이, 젝시', '21 앤드 오버']","['6.76', '6.30']","['2.9만명', '200명']","[6.76, 6.3]","[29000.0, 200.0]",6.529999999999999,14600.0
846,['복수 : 운명의 방문자'],['missing data'],['missing data'],0,0,0.0,0.0
847,['마약왕'],['7.16'],['186만명'],[7.16],[1860000.0],7.16,1860000.0
848,['옆자리 괴물군'],['missing data'],['missing data'],0,0,0.0,0.0
849,['어떤 여자들'],['missing data'],['missing data'],0,0,0.0,0.0
850,['애프터'],['missing data'],['missing data'],0,0,0.0,0.0
851,['공포체험라디오 4DX'],['3.25'],"['1,794명']",[3.25],[1794.0],3.25,1794.0
852,['시간의식'],['99분'],['missing data'],[0],0,0.0,0.0
853,['친밀함'],['missing data'],['missing data'],0,0,0.0,0.0
854,[],0,0,0,0,0.0,0.0
855,['천로역정: 천국을 찾아서'],['9.44'],['29만명'],[9.44],[290000.0],9.44,290000.0
856,['도라에몽 : 스탠 바이 미'],['8.80'],['8.2만명'],[8.8],[82000.0],8.8,82000.0
857,"['나, 다니엘 블레이크']",['9.28'],['10만명'],[9.28],[100000.0],9.28,100000.0
858,['슈퍼미니'],['7.89'],['4.8만명'],[7.89],[48000.0],7.89,48000.0
859,[],0,0,0,0,0.0,0.0
860,['리어왕'],['missing data'],['missing data'],0,0,0.0,0.0
861,['정직한 후보'],['6.94'],['89만명'],[6.94],[890000.0],6.94,890000.0
862,['미스터트롯: 더 무비'],['9.00'],['15만명'],[9.0],[150000.0],9.0,150000.0
863,[],0,0,0,0,0.0,0.0
864,['아바타: 물의 길'],['8.82'],"['1,080만명']",[8.82],[10800000.0],8.82,10800000.0
865,['브리짓 존스의 베이비'],['9.10'],['82만명'],[9.1],[820000.0],9.1,820000.0
866,['크로싱 비욘드'],['missing data'],['missing data'],0,0,0.0,0.0
867,['드래곤 프린세스'],['missing data'],['missing data'],0,0,0.0,0.0
868,['프로페서 앤 매드맨'],['7.65'],['1.8만명'],[7.65],[18000.0],7.65,18000.0
869,"['극장판 포켓몬스터 베스트위시: 신의 속도 게노세크트, 뮤츠의 각성']",['8.36'],['32만명'],[8.36],[320000.0],8.36,320000.0
870,['더 배트맨'],['8.07'],['90만명'],[8.07],[900000.0],8.07,900000.0
871,['파이브 피트'],['9.01'],['9.8만명'],[9.01],[98000.0],9.01,98000.0
872,['트랜센던스'],['7.61'],['69만명'],[7.61],[690000.0],7.61,690000.0
873,['바람의 색'],['7.57'],"['2,001명']",[7.57],[2001.0],7.57,2001.0
874,['마이엄마'],['missing data'],['missing data'],0,0,0.0,0.0
875,['암수살인'],['8.58'],['378만명'],[8.58],[3780000.0],8.58,3780000.0
876,['비스트'],['4.00'],"['4,053명']",[4.0],[4053.0],4.0,4053.0
877,['파이널 싸움의 기술'],['missing data'],['missing data'],0,0,0.0,0.0
878,['사일런스'],['7.39'],['5.4만명'],[7.39],[54000.0],7.39,54000.0
879,['겨울왕국의 무민'],['7.42'],['2.4만명'],[7.42],[24000.0],7.42,24000.0
880,['또봇 브이'],['missing data'],['missing data'],0,0,0.0,0.0
881,['소리꾼'],['8.70'],['10만명'],[8.7],[100000.0],8.7,100000.0
882,[],0,0,0,0,0.0,0.0
883,['트랜스포머: 최후의 기사'],['6.90'],['261만명'],[6.9],[2610000.0],6.9,2610000.0
884,['성난 변호사'],['8.48'],['113만명'],[8.48],[1130000.0],8.48,1130000.0
885,['격한 멜로'],['missing data'],['missing data'],0,0,0.0,0.0
886,['환절기'],['8.55'],"['6,619명']",[8.55],[6619.0],8.55,6619.0
887,['이별의 아침에 약속의 꽃을 장식하자'],['8.98'],['4.2만명'],[8.98],[42000.0],8.98,42000.0
888,['오디션'],['missing data'],['missing data'],0,0,0.0,0.0
889,['길'],['8.23'],['1.7만명'],[8.23],[17000.0],8.23,17000.0
890,['베리만 통과하기'],['missing data'],['missing data'],0,0,0.0,0.0
891,['꼬마 마법사 레미 샵'],['missing data'],['missing data'],0,0,0.0,0.0
892,[],0,0,0,0,0.0,0.0
893,['뽀로로 극장판 공룡섬 대모험'],['9.22'],['82만명'],[9.22],[820000.0],9.22,820000.0
894,[],0,0,0,0,0.0,0.0
895,['엄마 까투리'],['9.24'],['1.9만명'],[9.24],[19000.0],9.24,19000.0
896,['이투마마'],['7.78'],['수상내역보기'],[7.78],0,7.78,0.0
897,[],0,0,0,0,0.0,0.0
898,[],0,0,0,0,0.0,0.0
899,['지금 만나러 갑니다'],['8.99'],['260만명'],[8.99],[2600000.0],8.99,2600000.0
900,['포비아'],['6.47'],['missing data'],[6.47],0,6.47,0.0
901,['비질란테'],['missing data'],['missing data'],0,0,0.0,0.0
902,['로열패밀리'],['6.70'],['missing data'],[6.7],0,6.7,0.0
903,['레슬러'],['missing data'],['missing data'],0,0,0.0,0.0
904,['캐리비안의 해적: 죽은 자는 말이 없다'],['8.58'],['304만명'],[8.58],[3040000.0],8.58,3040000.0
905,['유전: 더 제네시스'],['5.12'],['missing data'],[5.12],0,5.12,0.0
906,[],0,0,0,0,0.0,0.0
907,['브라더 오브 더 이어'],['8.40'],"['5,266명']",[8.4],[5266.0],8.4,5266.0
908,['라이언'],['9.31'],['10만명'],[9.31],[100000.0],9.31,100000.0
909,['나의 소녀시대'],['9.13'],['42만명'],[9.13],[420000.0],9.13,420000.0
910,"['안녕, 나의 소울메이트']",['missing data'],['missing data'],0,0,0.0,0.0
911,['나인스 라이프'],['8.18'],"['3,166명']",[8.18],[3166.0],8.18,3166.0
912,['워터 릴리스'],['8.67'],['1.1만명'],[8.67],[11000.0],8.67,11000.0
913,['선샤인'],['7.57'],['9만명'],[7.57],[90000.0],7.57,90000.0
914,['미결처리반 Q: 믿음의 음모'],['missing data'],['missing data'],0,0,0.0,0.0
915,['부탁 하나만 들어줘'],['8.14'],['11만명'],[8.14],[110000.0],8.14,110000.0
916,['골드'],['8.60'],['2.5만명'],[8.6],[25000.0],8.6,25000.0
917,['슈퍼배드 3'],['8.76'],['332만명'],[8.76],[3320000.0],8.76,3320000.0
918,['사랑과 영혼 2016'],['missing data'],['missing data'],0,0,0.0,0.0
919,[],0,0,0,0,0.0,0.0
920,"['겨울왕국 이야기: 디즈니 애니메이션 제작 스토리', '겨울왕국 열기']","['missing data', 'missing data']","['missing data', 'missing data']",0,0,0.0,0.0
921,"['안녕, 헤이즐']",['8.48'],['74만명'],[8.48],[740000.0],8.48,740000.0
922,['수퍼 소닉'],['7.76'],['31만명'],[7.76],[310000.0],7.76,310000.0
923,['판타스틱 4'],['6.24'],['56만명'],[6.24],[560000.0],6.24,560000.0
924,['스피릿'],['missing data'],['missing data'],0,0,0.0,0.0
925,['디스어포인트먼트 룸'],['5.00'],['missing data'],[5.0],0,5.0,0.0
926,['팬더와 친구들의 모험'],['9.19'],['missing data'],[9.19],0,9.19,0.0
927,[],0,0,0,0,0.0,0.0
928,['위대한 비행'],['6.92'],"['8,445명']",[6.92],[8445.0],6.92,8445.0
929,['런어웨이즈'],['7.16'],['1.4만명'],[7.16],[14000.0],7.16,14000.0
930,['꽃과 뱀: 더 제로'],['4.76'],['missing data'],[4.76],0,4.76,0.0
931,['라라랜드'],['8.91'],['376만명'],[8.91],[3760000.0],8.91,3760000.0
932,['광음적고사'],['missing data'],['missing data'],0,0,0.0,0.0
933,['세븐 싸이코패스'],['8.15'],"['3,264명']",[8.15],[3264.0],8.15,3264.0
934,['범털 2: 쩐의 전쟁'],['4.68'],"['4,054명']",[4.68],[4054.0],4.68,4054.0
935,['신의 은총으로'],['8.73'],"['5,932명']",[8.73],[5932.0],8.73,5932.0
936,['스톤'],['6.92'],['1.8만명'],[6.92],[18000.0],6.92,18000.0
937,['인연을 긋다'],['6.18'],['831명'],[6.18],[831.0],6.18,831.0
938,['블랙딜'],['8.62'],"['9,301명']",[8.62],[9301.0],8.62,9301.0
939,['죽이고 싶은'],['7.13'],['13만명'],[7.13],[130000.0],7.13,130000.0
940,"['완전범죄: 키드냅', '스파키']","['missing data', 'missing data']","['missing data', 'missing data']",0,0,0.0,0.0
941,['체실 비치에서'],['7.80'],['3만명'],[7.8],[30000.0],7.8,30000.0
942,['씽'],['8.99'],['173만명'],[8.99],[1730000.0],8.99,1730000.0
943,['아티스트: 다시 태어나다'],['8.65'],"['6,089명']",[8.65],[6089.0],8.65,6089.0
944,['이스케이프 룸'],['missing data'],['missing data'],0,0,0.0,0.0
945,['얼티밋 배틀'],['3.86'],['1명'],[3.86],[1.0],3.86,1.0
946,['뜨거운 피'],['6.88'],['41만명'],[6.88],[410000.0],6.88,410000.0
947,['엘도라도'],['8.94'],['missing data'],[8.94],0,8.94,0.0
948,[],0,0,0,0,0.0,0.0
949,['파일 : 4022일의 사육'],['3.22'],"['1,414명']",[3.22],[1414.0],3.22,1414.0
950,['그리다'],['7.94'],['865명'],[7.94],[865.0],7.94,865.0
951,['위시 어폰'],['7.61'],['5.5만명'],[7.61],[55000.0],7.61,55000.0
952,['걸후드'],['8.17'],['1.2만명'],[8.17],[12000.0],8.17,12000.0
953,['임을 위한 행진곡'],['3.58'],['1.8만명'],[3.58],[18000.0],3.58,18000.0
954,['페르시아어 수업'],['8.26'],['1.7만명'],[8.26],[17000.0],8.26,17000.0
955,['킹 아서: 제왕의 검'],['8.11'],['41만명'],[8.11],[410000.0],8.11,410000.0
956,['언더 워터'],['missing data'],['missing data'],0,0,0.0,0.0
957,"['장산범', '허삼관']","['7.42', '7.61']","['130만명', '95만명']","[7.42, 7.61]","[1300000.0, 950000.0]",7.515000000000001,1125000.0
958,['아이 캔 온리 이매진'],['9.08'],['3.5만명'],[9.08],[35000.0],9.08,35000.0
959,['장난스런 키스'],['8.55'],['42만명'],[8.55],[420000.0],8.55,420000.0
960,['무명인'],['8.39'],"['3,199명']",[8.39],[3199.0],8.39,3199.0
961,['톰보이'],['missing data'],['missing data'],0,0,0.0,0.0
962,['문유랑가보'],['missing data'],['missing data'],0,0,0.0,0.0
963,['카운터스'],['9.27'],"['5,386명']",[9.27],[5386.0],9.27,5386.0
964,['단순한 형식'],['missing data'],['missing data'],0,0,0.0,0.0
965,['신은 죽지 않았다 3: 어둠 속의 빛'],['8.95'],['9.2만명'],[8.95],[92000.0],8.95,92000.0
966,['댓 어쿼드 모먼트-그 어색한 순간'],['missing data'],['missing data'],0,0,0.0,0.0
967,['식물도감'],['8.58'],"['2,156명']",[8.58],[2156.0],8.58,2156.0
968,['타워'],['8.02'],['518만명'],[8.02],[5180000.0],8.02,5180000.0
969,['3월 수요단편극장 <해외 관객을 매료시킨 영화들>'],['missing data'],['missing data'],0,0,0.0,0.0
970,['디거스'],['missing data'],['missing data'],0,0,0.0,0.0
971,['여름날 우리'],['8.18'],['4.1만명'],[8.18],[41000.0],8.18,41000.0
972,['비거 스플래쉬'],['7.58'],['1.5만명'],[7.58],[15000.0],7.58,15000.0
973,['스마일'],['7.11'],['10만명'],[7.11],[100000.0],7.11,100000.0
974,['21 브릿지: 테러 셧다운'],['7.56'],['12만명'],[7.56],[120000.0],7.56,120000.0
975,[],0,0,0,0,0.0,0.0
976,['애플'],['missing data'],['missing data'],0,0,0.0,0.0
977,['더 독'],['7.71'],['32만명'],[7.71],[320000.0],7.71,320000.0
978,['그루지 매치'],['missing data'],['missing data'],0,0,0.0,0.0
979,['블러드 파더'],['missing data'],['missing data'],0,0,0.0,0.0
980,"['숀더쉽 더 무비: 꼬마 외계인 룰라!', '댐드']","['9.71', 'missing data']","['1.3만명', 'missing data']",[9.71],[13000.0],9.71,13000.0
981,['킬러의 보디가드'],['7.45'],['38만명'],[7.45],[380000.0],7.45,380000.0
982,['물방울을 그리는 남자'],['8.55'],"['8,997명']",[8.55],[8997.0],8.55,8997.0
983,['디렉터스컷'],['9.30'],['528명'],[9.3],[528.0],9.3,528.0
984,['하우스 오브 구찌'],['7.71'],['14만명'],[7.71],[140000.0],7.71,140000.0
985,"['얼굴없는 보스', '구세주: 리턴즈']","['5.00', '4.69']","['2.4만명', '6,151명']","[5.0, 4.69]","[24000.0, 6151.0]",4.845000000000001,15075.5
986,['프리 가이'],['8.47'],['31만명'],[8.47],[310000.0],8.47,310000.0
987,['어머니의 여름'],['missing data'],['missing data'],0,0,0.0,0.0
988,['머신건 프리처 감독판'],['missing data'],['missing data'],0,0,0.0,0.0
989,['잇 로컬'],['missing data'],['missing data'],0,0,0.0,0.0
990,['영향 아래의 여자'],['missing data'],['missing data'],0,0,0.0,0.0
991,['레이디 버드'],['8.68'],['10만명'],[8.68],[100000.0],8.68,100000.0
992,['리노'],['8.51'],['2만명'],[8.51],[20000.0],8.51,20000.0
993,[],0,0,0,0,0.0,0.0
994,['러블리 본즈'],['6.82'],['20만명'],[6.82],[200000.0],6.82,200000.0
995,['마당을 나온 암탉'],['8.88'],['220만명'],[8.88],[2200000.0],8.88,2200000.0
996,['미스 페레그린과 이상한 아이들의 집'],['8.58'],['271만명'],[8.58],[2710000.0],8.58,2710000.0
997,['포르투나의 눈동자'],['missing data'],['missing data'],0,0,0.0,0.0
998,['메리 포핀스 리턴즈'],['8.67'],['22만명'],[8.67],[220000.0],8.67,220000.0
999,['글로리데이'],['8.55'],['18만명'],[8.55],[180000.0],8.55,180000.0
1000,"['비밥바룰라', '조선명탐정 : 사라진 놉의 딸']","['9.27', '8.07']","['4.7만명', '387만명']","[9.27, 8.07]","[47000.0, 3870000.0]",8.67,1958500.0
1001,"['마파도2', '그날, 바다']","['6.12', '9.82']","['140만명', '54만명']","[6.12, 9.82]","[1400000.0, 540000.0]",7.970000000000001,970000.0
1002,['쁘띠 마망'],['8.37'],['1.6만명'],[8.37],[16000.0],8.37,16000.0
1003,['개 같은 것들'],['6.91'],['207명'],[6.91],[207.0],6.91,207.0
1004,['내 연애의 기억'],['6.58'],['4.6만명'],[6.58],[46000.0],6.58,46000.0
1005,['킹스 스피치'],['8.32'],['80만명'],[8.32],[800000.0],8.32,800000.0
1006,['핑크퐁 시네마 콘서트 2: 원더스타 콘서트 대작전'],['8.33'],['5만명'],[8.33],[50000.0],8.33,50000.0
1007,['울지마 엄마'],['192명'],['missing data'],[0],0,0.0,0.0
1008,['타발루가와 얼음공주'],['8.38'],['2.7만명'],[8.38],[27000.0],8.38,27000.0
1009,['기린의 날개'],['missing data'],['missing data'],0,0,0.0,0.0
1010,['크로스 라이프'],['missing data'],['missing data'],0,0,0.0,0.0
1011,['네브라스카'],['missing data'],['missing data'],0,0,0.0,0.0
1012,['레벤느망'],['7.87'],['수상내역보기'],[7.87],0,7.87,0.0
1013,['델마'],['7.88'],"['7,171명']",[7.88],[7171.0],7.88,7171.0
1014,['야간개장'],['missing data'],['missing data'],0,0,0.0,0.0
1015,['마녀+동면의 소녀'],['missing data'],['missing data'],0,0,0.0,0.0
1016,['명탐정 코난:진홍의 연가'],['8.89'],['45만명'],[8.89],[450000.0],8.89,450000.0
1017,['아오하라이드'],['6.54'],['650명'],[6.54],[650.0],6.54,650.0
1018,['서클'],['missing data'],['missing data'],0,0,0.0,0.0
1019,['사랑하고 사랑받고 차고 차이고'],['7.31'],"['7,567명']",[7.31],[7567.0],7.31,7567.0
1020,['인디피크닉2017-단편1 <꿈의 대화>'],['missing data'],['missing data'],0,0,0.0,0.0
1021,"[""경계의 저편 : I'LL BE HERE -과거편-""]",['8.52'],"['3,579명']",[8.52],[3579.0],8.52,3579.0
1022,['김시은 배우전'],['missing data'],['missing data'],0,0,0.0,0.0
1023,['극장판 짱구는 못말려: 아뵤! 쿵후 보이즈 ~라면 대란~'],['8.90'],['35만명'],[8.9],[350000.0],8.9,350000.0
1024,['독개구리'],['missing data'],['missing data'],0,0,0.0,0.0
1025,['꼬마 보트 토토: 타요 타요 배 타요'],['5.81'],['1.7만명'],[5.81],[17000.0],5.81,17000.0
1026,['박물관이 진짜 살아있다'],['7.78'],['2.8만명'],[7.78],[28000.0],7.78,28000.0
1027,['킹 오브 프리즘 –샤이니 세븐 스타즈- IV 루이x신x언노운'],['missing data'],['missing data'],0,0,0.0,0.0
1028,['앵그리 버드 2: 독수리 왕국의 침공'],['8.95'],['18만명'],[8.95],[180000.0],8.95,180000.0
1029,['호빗: 뜻밖의 여정'],['8.55'],['283만명'],[8.55],[2830000.0],8.55,2830000.0
1030,['해리포터와 마법사의 돌'],['9.40'],['수상내역보기'],[9.4],0,9.4,0.0
1031,['판문점'],['missing data'],['missing data'],0,0,0.0,0.0
1032,['고고다이노 극장판: 얼음공룡의 비밀'],['7.76'],['5.4만명'],[7.76],[54000.0],7.76,54000.0
1033,"['아이 캔 스피크', '난폭한 기록']","['9.24', '7.65']","['328만명', '1.2만명']","[9.24, 7.65]","[3280000.0, 12000.0]",8.445,1646000.0
1034,['눈의 여왕4'],['8.93'],['21만명'],[8.93],[210000.0],8.93,210000.0
1035,['몬스터 파크'],['7.62'],['3.8만명'],[7.62],[38000.0],7.62,38000.0
1036,"['호비와 매직 아일랜드', '아니메의 미래']","['9.20', 'missing data']","['1.6만명', 'missing data']",[9.2],[16000.0],9.2,16000.0
1037,['스플릿'],['9.16'],['75만명'],[9.16],[750000.0],9.16,750000.0
1038,['킹 오브 프리즘 -샤이니 세븐 스타즈- Ⅲ 레오×유우×알렉'],['missing data'],['missing data'],0,0,0.0,0.0
1039,['소리에 놀라지 않는 사자처럼'],['6.44'],['297명'],[6.44],[297.0],6.44,297.0
1040,['뮬란 2'],['missing data'],['missing data'],0,0,0.0,0.0
1041,['반딧불이 딘딘과 용감한 곤충 탐험대'],['6.92'],"['2,202명']",[6.92],[2202.0],6.92,2202.0
1042,['업그레이드'],['9.08'],['19만명'],[9.08],[190000.0],9.08,190000.0
1043,['2016 한국영화아카데미 졸업영화제 1차실습작 3'],['missing data'],['missing data'],0,0,0.0,0.0
1044,[],0,0,0,0,0.0,0.0
1045,['봉이 김선달'],['8.26'],['205만명'],[8.26],[2050000.0],8.26,2050000.0
1046,['퍼펙트맨'],['8.50'],['124만명'],[8.5],[1240000.0],8.5,1240000.0
1047,['프랑켄슈타인의 신부(가제)'],['missing data'],['missing data'],0,0,0.0,0.0
1048,['중독'],['missing data'],['missing data'],0,0,0.0,0.0
1049,['위시업'],['8.47'],"['1,828명']",[8.47],[1828.0],8.47,1828.0
1050,['오빠생각'],['8.51'],['106만명'],[8.51],[1060000.0],8.51,1060000.0
1051,['아르마딜로'],['7.83'],"['5,257명']",[7.83],[5257.0],7.83,5257.0
1052,['체크 히어로 2'],['missing data'],['missing data'],0,0,0.0,0.0
1053,['파라다이스 로스트: 마약 카르텔의 왕'],['missing data'],['missing data'],0,0,0.0,0.0
1054,['곡성'],['8.23'],['687만명'],[8.23],[6870000.0],8.23,6870000.0
1055,['찌라시: 위험한 소문'],['7.56'],['122만명'],[7.56],[1220000.0],7.56,1220000.0
1056,['스파이더맨: 홈 커밍'],['9.10'],['755만명'],[9.1],[7550000.0],9.1,7550000.0
1057,['다이노 어드벤처: 에일리언 월드'],['missing data'],['missing data'],0,0,0.0,0.0
1058,['네루다'],['7.62'],['1만명'],[7.62],[10000.0],7.62,10000.0
1059,['싱글라이더'],['8.01'],['35만명'],[8.01],[350000.0],8.01,350000.0
1060,"['소녀, 하늘을 날다!']",['6.71'],['233명'],[6.71],[233.0],6.71,233.0
1061,['카오산 탱고'],['6.92'],"['3,794명']",[6.92],[3794.0],6.92,3794.0
1062,['미씽: 사라진 여자'],['8.53'],['115만명'],[8.53],[1150000.0],8.53,1150000.0
1063,['엘 마리아치'],['missing data'],['missing data'],0,0,0.0,0.0
1064,['예스! 프리큐어 5 - 거울 나라의 미라클 대모험!'],['missing data'],['missing data'],0,0,0.0,0.0
1065,['뱅드림! 필름 라이브'],['9.57'],['2만명'],[9.57],[20000.0],9.57,20000.0
1066,['두 여자'],['missing data'],['missing data'],0,0,0.0,0.0
1067,['엠마'],['7.42'],['수상내역보기'],[7.42],0,7.42,0.0
1068,['베놈'],['8.24'],['388만명'],[8.24],[3880000.0],8.24,3880000.0
1069,['타오르는 여인의 초상'],['9.15'],['15만명'],[9.15],[150000.0],9.15,150000.0
1070,['사랑의 대화'],['missing data'],['missing data'],0,0,0.0,0.0
1071,['위 아 더 밀러스'],['수상내역보기'],['missing data'],[0],0,0.0,0.0
1072,['파라독스'],['7.47'],['445명'],[7.47],[445.0],7.47,445.0
1073,['쥬라기 공원'],['9.32'],['수상내역보기'],[9.32],0,9.32,0.0
1074,['테이킹'],['5.92'],['35명'],[5.92],[35.0],5.92,35.0
1075,['국경의 왕'],['7.96'],"['2,126명']",[7.96],[2126.0],7.96,2126.0
1076,['점박이:한반도의 공룡3D'],['7.64'],['105만명'],[7.64],[1050000.0],7.64,1050000.0
1077,['맨 인 더 다크 2'],['8.53'],['7.8만명'],[8.53],[78000.0],8.53,78000.0
1078,['포스 마쥬어: 화이트 베케이션'],['8.18'],"['5,449명']",[8.18],[5449.0],8.18,5449.0
1079,['세레니티'],['missing data'],['missing data'],0,0,0.0,0.0
1080,['12 솔져스-특별판'],['missing data'],['missing data'],0,0,0.0,0.0
1081,['데드풀'],['8.25'],"['5,191명']",[8.25],[5191.0],8.25,5191.0
1082,['우연과 상상'],['8.35'],['2.6만명'],[8.35],[26000.0],8.35,26000.0
1083,['풀잎들'],['8.13'],"['7,470명']",[8.13],[7470.0],8.13,7470.0
1084,['더 챔프: 분노의 주먹'],['missing data'],['missing data'],0,0,0.0,0.0
1085,['더 시크릿'],['6.81'],"['3,551명']",[6.81],[3551.0],6.81,3551.0
1086,['씽크 라이크 어 맨 투'],['missing data'],['missing data'],0,0,0.0,0.0
1087,"['엘 꼰도르 빠사', '사랑의 기술', '방자전', '킬 미']","['8.59', 'missing data', '7.43', 'missing data']","['487명', 'missing data', '298만명', 'missing data']","[8.59, 7.43]","[487.0, 2980000.0]",8.01,1490243.5
1088,['고령화 가족'],['8.22'],['114만명'],[8.22],[1140000.0],8.22,1140000.0
1089,['그링고'],['6.19'],"['7,816명']",[6.19],[7816.0],6.19,7816.0
1090,['리턴매치'],['6.67'],['129명'],[6.67],[129.0],6.67,129.0
1091,['레옹 디 오리지널'],['6.73'],['1.2만명'],[6.73],[12000.0],6.73,12000.0
1092,['시'],['8.97'],['21만명'],[8.97],[210000.0],8.97,210000.0
1093,"['아치와 씨팍', '매지컬: 공주를 웃겨라']","['7.62', '5.93']","['10만명', '4,077명']","[7.62, 5.93]","[100000.0, 4077.0]",6.775,52038.5
1094,['레이드배커스'],['missing data'],['missing data'],0,0,0.0,0.0
1095,['블랙 팬서'],['7.00'],['210만명'],[7.0],[2100000.0],7.0,2100000.0
1096,['오블리비언'],['8.27'],['151만명'],[8.27],[1510000.0],8.27,1510000.0
1097,['나우 유 씨 미 2'],['8.53'],['310만명'],[8.53],[3100000.0],8.53,3100000.0
1098,['파비안느에 관한 진실'],['7.82'],['4.5만명'],[7.82],[45000.0],7.82,45000.0
1099,['프라미스드 랜드'],['7.84'],['2.4만명'],[7.84],[24000.0],7.84,24000.0
1100,[],0,0,0,0,0.0,0.0
1101,['일곱 개의 대죄 : 천공의 포로'],['7.88'],['1만명'],[7.88],[10000.0],7.88,10000.0
1102,[],0,0,0,0,0.0,0.0
1103,['3 달러로 남은 사나이'],['missing data'],['missing data'],0,0,0.0,0.0
1104,['원더랜드'],['missing data'],['missing data'],0,0,0.0,0.0
1105,['파이어 라이트'],['missing data'],['missing data'],0,0,0.0,0.0
1106,['성난황소'],['8.66'],['159만명'],[8.66],[1590000.0],8.66,1590000.0
1107,['화장'],['7.35'],['14만명'],[7.35],[140000.0],7.35,140000.0
1108,['극장판 도라에몽: 진구의 신공룡'],['8.85'],['6.4만명'],[8.85],[64000.0],8.85,64000.0
1109,['히어로 일본 대침공'],['7.30'],"['7,565명']",[7.3],[7565.0],7.3,7565.0
1110,['주피터 어센딩'],['6.58'],['30만명'],[6.58],[300000.0],6.58,300000.0
1111,['엘리펀트킹 덤보'],['4.80'],"['8,755명']",[4.8],[8755.0],4.8,8755.0
1112,['묶음 7'],['missing data'],['missing data'],0,0,0.0,0.0
1113,['인사이드 아웃'],['9.05'],['497만명'],[9.05],[4970000.0],9.05,4970000.0
1114,[],0,0,0,0,0.0,0.0
1115,[],0,0,0,0,0.0,0.0
1116,['서식지'],['missing data'],['missing data'],0,0,0.0,0.0
1117,['더 건맨 : 테이큰 감독 뉴프로젝트'],['6.85'],['10만명'],[6.85],[100000.0],6.85,100000.0
1118,['인질'],['7.05'],['163만명'],[7.05],[1630000.0],7.05,1630000.0
1119,['파이어스타터'],['4.09'],"['2,814명']",[4.09],[2814.0],4.09,2814.0
1120,['너를 만난 여름'],['8.08'],['3.2만명'],[8.08],[32000.0],8.08,32000.0
1121,['방황하는 칼날'],['missing data'],['missing data'],0,0,0.0,0.0
1122,['보희와 녹양'],['9.17'],"['6,045명']",[9.17],[6045.0],9.17,6045.0
1123,['8년을 뛰어넘은 신부'],['9.53'],['179명'],[9.53],[179.0],9.53,179.0
1124,['돈'],['8.39'],['338만명'],[8.39],[3380000.0],8.39,3380000.0
1125,['미안해 사랑해 고마워'],['7.82'],['5.1만명'],[7.82],[51000.0],7.82,51000.0
1126,[],0,0,0,0,0.0,0.0
1127,['맨 앤 치킨'],['6.79'],"['2,316명']",[6.79],[2316.0],6.79,2316.0
1128,['카이: 거울 호수의 전설'],['7.83'],['2.4만명'],[7.83],[24000.0],7.83,24000.0
1129,['그것만이 내 세상'],['9.17'],['342만명'],[9.17],[3420000.0],9.17,3420000.0
1130,['노크: 초대받지 않은 손님'],['6.88'],['2.4만명'],[6.88],[24000.0],6.88,24000.0
1131,['펭이와 친구들의 남극대모험'],['5.08'],['2.2만명'],[5.08],[22000.0],5.08,22000.0
1132,['상견니 대만판 13화'],['8.24'],"['2,725명']",[8.24],[2725.0],8.24,2725.0
1133,['귀멸의 칼날: 남매의 연'],['7.21'],['6.5만명'],[7.21],[65000.0],7.21,65000.0
1134,['수어사이드 스쿼드 (블루레이버전)'],['missing data'],['missing data'],0,0,0.0,0.0
1135,['명탐정 코난: 에피소드 원-작아진 명탐정'],['6.42'],['12만명'],[6.42],[120000.0],6.42,120000.0
1136,['셰이프 오브 뮤직: 알렉상드르 데스플라'],['8.16'],"['2,436명']",[8.16],[2436.0],8.16,2436.0
1137,['어쩌다 룸메이트'],['7.94'],['1만명'],[7.94],[10000.0],7.94,10000.0
1138,['극장판 울려라! 유포니엄'],['missing data'],['missing data'],0,0,0.0,0.0
1139,['쥬라기 월드: 폴른 킹덤'],['8.54'],['566만명'],[8.54],[5660000.0],8.54,5660000.0
1140,['감독 허치국 - 너무 많이 본 사나이 2'],['missing data'],['missing data'],0,0,0.0,0.0
1141,[],0,0,0,0,0.0,0.0
1142,['찰칵 찰칵'],['missing data'],['missing data'],0,0,0.0,0.0
1143,['선두'],['missing data'],['missing data'],0,0,0.0,0.0
1144,['오스'],['missing data'],['missing data'],0,0,0.0,0.0
1145,['시크릿 가든'],['missing data'],['missing data'],0,0,0.0,0.0
1146,['런'],['missing data'],['missing data'],0,0,0.0,0.0
1147,['세 번째 살인'],['8.21'],['3.5만명'],[8.21],[35000.0],8.21,35000.0
1148,['미스터 홈즈'],['8.30'],"['6,518명']",[8.3],[6518.0],8.3,6518.0
1149,['포비아 2'],['5.74'],['571명'],[5.74],[571.0],5.74,571.0
1150,['게이트-완결판'],['missing data'],['missing data'],0,0,0.0,0.0
1151,"['그녀에게', '라라']","['8.67', '6.74']","['수상내역보기', '1,860명']","[8.67, 6.74]",[1860.0],7.705,1860.0
1152,['뮬란'],['9.12'],['missing data'],[9.12],0,9.12,0.0
1153,[],0,0,0,0,0.0,0.0
1154,['네발가락'],['missing data'],['missing data'],0,0,0.0,0.0
1155,['배반의 장미'],['7.97'],['4.1만명'],[7.97],[41000.0],7.97,41000.0
1156,['물비늘'],['missing data'],['missing data'],0,0,0.0,0.0
1157,['저스트 머시'],['수상내역보기'],['missing data'],[0],0,0.0,0.0
1158,['배저로와 친구들: 신비한 모험'],['6.91'],['2.6만명'],[6.91],[26000.0],6.91,26000.0
1159,['변호인'],['9.30'],"['1,137만명']",[9.3],[11370000.0],9.3,11370000.0
1160,['타짜: 원 아이드 잭'],['6.77'],['222만명'],[6.77],[2220000.0],6.77,2220000.0
1161,['스트롱거'],['7.94'],"['4,603명']",[7.94],[4603.0],7.94,4603.0
1162,['극장판 프리! – 타임리스 메들리 - 약속'],['missing data'],['missing data'],0,0,0.0,0.0
1163,['변신'],['missing data'],['missing data'],0,0,0.0,0.0
1164,['르네상스'],['missing data'],['missing data'],0,0,0.0,0.0
1165,['당갈'],['9.62'],['10만명'],[9.62],[100000.0],9.62,100000.0
1166,['윌리'],['7.42'],['2.2만명'],[7.42],[22000.0],7.42,22000.0
1167,['뽀로로 극장판 컴퓨터 왕국 대모험'],['8.82'],['44만명'],[8.82],[440000.0],8.82,440000.0
1168,['그린랜턴: 반지의 선택'],['5.84'],['21만명'],[5.84],[210000.0],5.84,210000.0
1169,[],0,0,0,0,0.0,0.0
1170,['겟 아웃'],['8.44'],['214만명'],[8.44],[2140000.0],8.44,2140000.0
1171,['퀸카가 아니어도 좋아'],['7.53'],"['1,638명']",[7.53],[1638.0],7.53,1638.0
1172,['피니안의 무지개'],['missing data'],['missing data'],0,0,0.0,0.0
1173,['정글북: 마법 원정대'],['7.97'],['2.5만명'],[7.97],[25000.0],7.97,25000.0
1174,['재심'],['8.71'],['242만명'],[8.71],[2420000.0],8.71,2420000.0
1175,['버틀러: 대통령의 집사'],['8.62'],['12만명'],[8.62],[120000.0],8.62,120000.0
1176,['레미제라블: 뮤지컬 콘서트'],['9.50'],['1.2만명'],[9.5],[12000.0],9.5,12000.0
1177,['도쿄의 밤하늘은 항상 가장 짙은 블루'],['8.24'],"['8,800명']",[8.24],[8800.0],8.24,8800.0
1178,['서브머전스'],['missing data'],['missing data'],0,0,0.0,0.0
1179,['메모리즈'],['7.70'],"['1,031명']",[7.7],[1031.0],7.7,1031.0
1180,['행복 목욕탕'],['8.94'],['2.2만명'],[8.94],[22000.0],8.94,22000.0
1181,['주토피아'],['9.33'],['470만명'],[9.33],[4700000.0],9.33,4700000.0
1182,['한낮의 피크닉'],['8.91'],"['3,052명']",[8.91],[3052.0],8.91,3052.0
1183,['Oh! 뷰리플 라이프'],['missing data'],['missing data'],0,0,0.0,0.0
1184,[],0,0,0,0,0.0,0.0
1185,['넛잡 2'],['8.63'],['41만명'],[8.63],[410000.0],8.63,410000.0
1186,['DC 리그 오브 슈퍼-펫'],['7.44'],['24만명'],[7.44],[240000.0],7.44,240000.0
1187,['메모리얼 스팟'],['missing data'],['missing data'],0,0,0.0,0.0
1188,['까칠한 그녀의 달콤한 연애비법'],['5.02'],"['1,951명']",[5.02],[1951.0],5.02,1951.0
1189,['열망'],['missing data'],['missing data'],0,0,0.0,0.0
1190,['세션 : 이 남자가 사랑하는 법'],['8.44'],['1.2만명'],[8.44],[12000.0],8.44,12000.0
1191,['탐정 : 더 비기닝'],['8.62'],['262만명'],[8.62],[2620000.0],8.62,2620000.0
1192,['바이스'],['missing data'],['missing data'],0,0,0.0,0.0
1193,['온리 더 브레이브'],['9.22'],['4.9만명'],[9.22],[49000.0],9.22,49000.0
1194,['수부라 게이트'],['6.91'],"['4,809명']",[6.91],[4809.0],6.91,4809.0
1195,['퍼시픽 림: 업라이징'],['7.94'],['107만명'],[7.94],[1070000.0],7.94,1070000.0
1196,[],0,0,0,0,0.0,0.0
1197,[],0,0,0,0,0.0,0.0
1198,"['안녕, 전우치! 도술로봇대결전']",['8.54'],['1.3만명'],[8.54],[13000.0],8.54,13000.0
1199,['격세지감'],['missing data'],['missing data'],0,0,0.0,0.0
1200,['키즈모노가타리 III : 냉혈편'],['missing data'],['missing data'],0,0,0.0,0.0
1201,['앨빈과 슈퍼밴드: 악동 어드벤처'],['8.43'],['29만명'],[8.43],[290000.0],8.43,290000.0
1202,['경성학교: 사라진 소녀들'],['6.45'],['35만명'],[6.45],[350000.0],6.45,350000.0
1203,['러브인베를린'],['missing data'],['missing data'],0,0,0.0,0.0
1204,['인질'],['7.05'],['163만명'],[7.05],[1630000.0],7.05,1630000.0
1205,['잘 왔다. 우리 같이 살자'],['missing data'],['missing data'],0,0,0.0,0.0
1206,['바버샵 3'],['missing data'],['missing data'],0,0,0.0,0.0
1207,['한강에게'],['8.31'],"['2,865명']",[8.31],[2865.0],8.31,2865.0
1208,['킹 오브 프리즘 -샤이니 세븐 스타즈-'],['2019.03.07.'],['9.91'],[0],0,0.0,0.0
1209,['숲속왕국의 꿀벌 여왕'],['8.49'],['2.2만명'],[8.49],[22000.0],8.49,22000.0
1210,[],0,0,0,0,0.0,0.0
1211,['환상특급'],['missing data'],['missing data'],0,0,0.0,0.0
1212,['러브 라이브! 더 스쿨 아이돌 무비'],['9.33'],['13만명'],[9.33],[130000.0],9.33,130000.0
1213,['쿠르스크'],['9.06'],['4.2만명'],[9.06],[42000.0],9.06,42000.0
1214,['단지 세상의 끝'],['7.66'],['3.1만명'],[7.66],[31000.0],7.66,31000.0
1215,[],0,0,0,0,0.0,0.0
1216,['투 이즈 어 패밀리'],['8.00'],"['8,779명']",[8.0],[8779.0],8.0,8779.0
1217,['지금 만나러 갑니다'],['8.99'],['260만명'],[8.99],[2600000.0],8.99,2600000.0
1218,['언 애듀케이션'],['7.60'],"['2,750명']",[7.6],[2750.0],7.6,2750.0
1219,['위자: 저주의 시작'],['7.73'],['33만명'],[7.73],[330000.0],7.73,330000.0
1220,['존 큐'],['8.93'],['missing data'],[8.93],0,8.93,0.0
1221,['판타스틱 부니베어'],['7.40'],['1.7만명'],[7.4],[17000.0],7.4,17000.0
1222,['혹성탈출: 종의 전쟁'],['8.15'],['205만명'],[8.15],[2050000.0],8.15,2050000.0
1223,['노브레싱'],['7.60'],['45만명'],[7.6],[450000.0],7.6,450000.0
1224,['생활의 길잡이'],['missing data'],['missing data'],0,0,0.0,0.0
1225,['안도 타다오'],"[""   건축  홋가이도 '물의 교회'    ""]","[""   건축  아쉬아 '고시노 하우스'    ""]",[0],0,0.0,0.0
1226,['기적'],['8.37'],['71만명'],[8.37],[710000.0],8.37,710000.0
1227,['타샤 튜더'],['9.16'],['4.6만명'],[9.16],[46000.0],9.16,46000.0
1228,[],0,0,0,0,0.0,0.0
1229,['파괴된 사나이'],['7.71'],['101만명'],[7.71],[1010000.0],7.71,1010000.0
1230,['하늘 아래 방 한 칸'],['missing data'],['missing data'],0,0,0.0,0.0
1231,['메트로: 마지막 탈출'],['7.82'],['700명'],[7.82],[700.0],7.82,700.0
1232,['이다'],['8.74'],['1.7만명'],[8.74],[17000.0],8.74,17000.0
1233,['제15회 미쟝센 단편영화제 미쟝센의 미쟝센 2'],['missing data'],['missing data'],0,0,0.0,0.0
1234,['더 킹'],['8.39'],['531만명'],[8.39],[5310000.0],8.39,5310000.0
1235,['프리 스테이트'],['8.38'],['1만명'],[8.38],[10000.0],8.38,10000.0
1236,['컨저링 2'],['8.34'],['193만명'],[8.34],[1930000.0],8.34,1930000.0
1237,['missing data'],['missing data'],['missing data'],0,0,0.0,0.0
1238,[],0,0,0,0,0.0,0.0
1239,['루퍼'],['8.02'],['57만명'],[8.02],[570000.0],8.02,570000.0
1240,['덤 앤 더머 투'],['7.20'],['19만명'],[7.2],[190000.0],7.2,190000.0
1241,['킹스맨: 골든 서클'],['8.61'],['494만명'],[8.61],[4940000.0],8.61,4940000.0
1242,['스파이크'],['8.22'],['2.5만명'],[8.22],[25000.0],8.22,25000.0
1243,['벅스 프렌즈'],['8.25'],['3.7만명'],[8.25],[37000.0],8.25,37000.0
1244,['해길랍'],['7.88'],['1.3만명'],[7.88],[13000.0],7.88,13000.0
1245,[],0,0,0,0,0.0,0.0
1246,['알피니스트 - 어느 카메라맨의 고백'],['9.62'],"['2,694명']",[9.62],[2694.0],9.62,2694.0
1247,['프레셔'],['missing data'],['missing data'],0,0,0.0,0.0
1248,[],0,0,0,0,0.0,0.0
1249,"['잭 앤 미리, 포르노 만들기']",['missing data'],['missing data'],0,0,0.0,0.0
1250,['애니'],['missing data'],['missing data'],0,0,0.0,0.0
1251,['킬리만자로'],['8.04'],['수상내역보기'],[8.04],0,8.04,0.0
1252,['스파이더맨: 파 프롬 홈'],['8.99'],['802만명'],[8.99],[8020000.0],8.99,8020000.0
1253,['핑크퐁 시네마 콘서트 2: 원더스타 콘서트 대작전'],['8.33'],['5만명'],[8.33],[50000.0],8.33,50000.0
1254,[],0,0,0,0,0.0,0.0
1255,"['토니스토리2: 고철왕국의 친구들', '토니 스토리: 깡통제국의 비밀']","['6.08', '7.13']","['1.6만명', '6.7만명']","[6.08, 7.13]","[16000.0, 67000.0]",6.605,41500.0
1256,['블랙 라이더'],['5.14'],['1명'],[5.14],[1.0],5.14,1.0
1257,"['고산자, 대동여지도']",['8.02'],['97만명'],[8.02],[970000.0],8.02,970000.0
1258,['관계의 일변'],['4.76'],['121명'],[4.76],[121.0],4.76,121.0
1259,['회초리'],['8.06'],['7.4만명'],[8.06],[74000.0],8.06,74000.0
1260,['빅쇼트'],['8.10'],['44만명'],[8.1],[440000.0],8.1,440000.0
1261,"['나츠메 우인장: 이시오코시와 수상한 방문자', '나츠메 우인장: 세상과 연을 맺다']","['missing data', '9.25']","['missing data', '4.7만명']",[9.25],[47000.0],9.25,47000.0
1262,['그레타 툰베리'],['5.22'],"['3,856명']",[5.22],[3856.0],5.22,3856.0
1263,['꼬마영웅 바비'],['8.92'],['1.8만명'],[8.92],[18000.0],8.92,18000.0
1264,['위대한 쇼맨'],['2017.12.20.'],['9.32'],[0],0,0.0,0.0
1265,['에브리씽 에브리웨어 올 앳 원스'],['8.81'],['36만명'],[8.81],[360000.0],8.81,360000.0
1266,['디지몬 어드벤처 : 운명적 만남'],['missing data'],['missing data'],0,0,0.0,0.0
1267,"['어린 양', '첫눈이 사라졌다']","['missing data', '7.22']","['missing data', '8,358명']",[7.22],[8358.0],7.22,8358.0
1268,['신비아파트 극장판 하늘도깨비 대 요르문간드'],['8.72'],['89만명'],[8.72],[890000.0],8.72,890000.0
1269,[],0,0,0,0,0.0,0.0
1270,['파워배틀 와치카: 와치가면의 역습'],['8.49'],['2.3만명'],[8.49],[23000.0],8.49,23000.0
1271,['불어라 검풍아'],['5.91'],['442명'],[5.91],[442.0],5.91,442.0
1272,"['아인보: 아마존의 전설', '알버트']","['6.50', 'missing data']","['5.1만명', 'missing data']",[6.5],[51000.0],6.5,51000.0
1273,['인생은 뷰티풀: 비타돌체'],['9.72'],['5.2만명'],[9.72],[52000.0],9.72,52000.0
1274,['인터스텔라'],['9.12'],"['1,034만명']",[9.12],[10340000.0],9.12,10340000.0
1275,['스틸 앨리스'],['8.43'],['11만명'],[8.43],[110000.0],8.43,110000.0
1276,['뷰티풀 케이트'],['missing data'],['missing data'],0,0,0.0,0.0
1277,['명탐정 코난 : 화염의 해바라기'],['8.55'],['47만명'],[8.55],[470000.0],8.55,470000.0
1278,['유어 아이즈 텔'],['9.54'],"['3,384명']",[9.54],[3384.0],9.54,3384.0
1279,['쥬라기 월드: 폴른 킹덤'],['8.54'],['566만명'],[8.54],[5660000.0],8.54,5660000.0
1280,['데드풀 2: 순한맛'],['8.25'],"['5,191명']",[8.25],[5191.0],8.25,5191.0
1281,['더 포리너'],['7.60'],['4.1만명'],[7.6],[41000.0],7.6,41000.0
1282,['물 이야기'],['missing data'],['missing data'],0,0,0.0,0.0
1283,['레미니센스'],['missing data'],['missing data'],0,0,0.0,0.0
1284,['브로큰 서클'],['8.62'],"['2,252명']",[8.62],[2252.0],8.62,2252.0
1285,['씬 시티: 다크히어로의 부활'],['7.28'],['8.3만명'],[7.28],[83000.0],7.28,83000.0
1286,['#살아있다'],['6.90'],['190만명'],[6.9],[1900000.0],6.9,1900000.0
1287,['신과함께-죄와 벌'],['8.73'],"['1,441만명']",[8.73],[14410000.0],8.73,14410000.0
1288,"['한산 리덕스', '엔시티 드림 더 무비 : 인 어 드림']","['8.72', '9.40']","['1.9만명', '6.2만명']","[8.72, 9.4]","[19000.0, 62000.0]",9.06,40500.0
1289,['제15회 미쟝센 단편영화제 김태용 단편 특별전 1'],['missing data'],['missing data'],0,0,0.0,0.0
1290,['몬스터'],['6.26'],['52만명'],[6.26],[520000.0],6.26,520000.0
1291,['압꾸정'],['5.98'],['60만명'],[5.98],[600000.0],5.98,600000.0
1292,['워싱 머신'],['missing data'],['missing data'],0,0,0.0,0.0
1293,['락앤롤 보트'],['8.81'],['245명'],[8.81],[245.0],8.81,245.0
1294,['러브 인 비즈니스클래스'],['7.09'],"['9,479명']",[7.09],[9479.0],7.09,9479.0
1295,['히치콕 트뤼포'],['8.88'],"['3,192명']",[8.88],[3192.0],8.88,3192.0
1296,['카센타'],['7.24'],['1.4만명'],[7.24],[14000.0],7.24,14000.0
1297,"['니코: 산타비행단의 모험', '로날 더 바바리언']","['8.35', 'missing data']","['40만명', 'missing data']",[8.35],[400000.0],8.35,400000.0
1298,['대무가'],['6.72'],['6.3만명'],[6.72],[63000.0],6.72,63000.0
1299,['너의 이름은.'],['2017.01.04.'],['수상내역보기'],[0],0,0.0,0.0
1300,['제인 에어'],['7.93'],['13만명'],[7.93],[130000.0],7.93,130000.0
1301,['파이어스톰'],['6.02'],"['6,684명']",[6.02],[6684.0],6.02,6684.0
1302,"['스페이스 독 2', '박물관이 진짜 살아있다']","['6.92', '7.78']","['1.9만명', '2.8만명']","[6.92, 7.78]","[19000.0, 28000.0]",7.35,23500.0
1303,['썬키스 패밀리'],['8.63'],['3.1만명'],[8.63],[31000.0],8.63,31000.0
1304,['미행+남극의 여름'],['missing data'],['missing data'],0,0,0.0,0.0
1305,['명탐정 코난 : 제로의 집행인'],['9.25'],['41만명'],[9.25],[410000.0],9.25,410000.0
1306,['하얀 까마귀'],['missing data'],['missing data'],0,0,0.0,0.0
1307,['왓츠 유어 넘버'],['missing data'],['missing data'],0,0,0.0,0.0
1308,['극장판 콩순이: 장난감나라 대모험'],['9.11'],['7.7만명'],[9.11],[77000.0],9.11,77000.0
1309,['고독클럽'],['missing data'],['missing data'],0,0,0.0,0.0
1310,['그것'],['missing data'],['missing data'],0,0,0.0,0.0
1311,[],0,0,0,0,0.0,0.0
1312,['어스'],['7.68'],['147만명'],[7.68],[1470000.0],7.68,1470000.0
1313,[],0,0,0,0,0.0,0.0
1314,['누가 예수를 죽였는가?'],['missing data'],['missing data'],0,0,0.0,0.0
1315,['알라딘'],['9.35'],['missing data'],[9.35],0,9.35,0.0
1316,"['생일선물', '손님']","['7.31', '6.86']","['missing data', '82만명']","[7.31, 6.86]",[820000.0],7.085,820000.0
1317,[],0,0,0,0,0.0,0.0
1318,['코드'],['6.14'],['20명'],[6.14],[20.0],6.14,20.0
1319,['탠저린'],['missing data'],['missing data'],0,0,0.0,0.0
1320,['클로즈'],"['1,056명']",['수상내역보기'],[0],0,0.0,0.0
1321,['노무현과 바보들'],['9.84'],['2.3만명'],[9.84],[23000.0],9.84,23000.0
1322,['잉투기'],['7.56'],['1.8만명'],[7.56],[18000.0],7.56,18000.0
1323,['다크 하우스'],['5.72'],['3.6만명'],[5.72],[36000.0],5.72,36000.0
1324,['아틱'],['missing data'],['missing data'],0,0,0.0,0.0
1325,['파이널 스코어'],['missing data'],['missing data'],0,0,0.0,0.0
1326,['에이리언 오브 더 딥'],['missing data'],['missing data'],0,0,0.0,0.0
1327,['로우'],['수상내역보기'],['missing data'],[0],0,0.0,0.0
1328,['캅샵: 미친놈들의 전쟁'],['6.43'],"['5,141명']",[6.43],[5141.0],6.43,5141.0
1329,['스파이크'],['8.22'],['2.5만명'],[8.22],[25000.0],8.22,25000.0
1330,[],0,0,0,0,0.0,0.0
1331,['강남1970(무삭제판)'],['missing data'],['missing data'],0,0,0.0,0.0
1332,['히말라야'],['8.68'],['775만명'],[8.68],[7750000.0],8.68,7750000.0
1333,['마당을 나온 암탉'],['8.88'],['220만명'],[8.88],[2200000.0],8.88,2200000.0
1334,['나를 믿어줘'],['missing data'],['missing data'],0,0,0.0,0.0
1335,['나일 강의 죽음'],['7.13'],['23만명'],[7.13],[230000.0],7.13,230000.0
1336,[],0,0,0,0,0.0,0.0
1337,['해리포터와 죽음의 성물2'],['missing data'],['missing data'],0,0,0.0,0.0
1338,['나쁜 버릇'],['missing data'],['missing data'],0,0,0.0,0.0
1339,[],0,0,0,0,0.0,0.0
1340,['바이센테니얼 맨'],['9.31'],['missing data'],[9.31],0,9.31,0.0
1341,['애나벨 집으로'],['7.50'],['48만명'],[7.5],[480000.0],7.5,480000.0
1342,['아메리칸 메이드'],['7.72'],['40만명'],[7.72],[400000.0],7.72,400000.0
1343,['바이올렛 에버가든 – 영원과 자동 수기 인형 -'],['missing data'],['missing data'],0,0,0.0,0.0
1344,[],0,0,0,0,0.0,0.0
1345,['컨택트'],['missing data'],['missing data'],0,0,0.0,0.0
1346,['사도'],['8.49'],['624만명'],[8.49],[6240000.0],8.49,6240000.0
1347,"['사랑해, 파리', '참을 수 없는 사랑']","['7.50', '7.88']","['5.9만명', '159명']","[7.5, 7.88]","[59000.0, 159.0]",7.6899999999999995,29579.5
1348,['미스 슬로운'],['9.32'],['4.8만명'],[9.32],[48000.0],9.32,48000.0
1349,['辛 소림사 주방장 2'],['missing data'],['missing data'],0,0,0.0,0.0
1350,['아이 필 프리티'],['9.03'],['24만명'],[9.03],[240000.0],9.03,240000.0
1351,['게임회사 여직원들'],['missing data'],['missing data'],0,0,0.0,0.0
1352,['블루 아워'],['7.91'],['2.5만명'],[7.91],[25000.0],7.91,25000.0
1353,['미라클 벨리에'],['missing data'],['missing data'],0,0,0.0,0.0
1354,['살인자의 기억법 : 새로운 기억'],['missing data'],['missing data'],0,0,0.0,0.0
1355,['조선명탐정 : 사라진 놉의 딸'],['8.07'],['387만명'],[8.07],[3870000.0],8.07,3870000.0
1356,['빌리와 용감한 녀석들 3D'],['7.30'],['30만명'],[7.3],[300000.0],7.3,300000.0
1357,['우리의 20세기'],['8.44'],['3.5만명'],[8.44],[35000.0],8.44,35000.0
1358,['은밀하게 위대하게'],['7.12'],['695만명'],[7.12],[6950000.0],7.12,6950000.0
1359,['데드 스노우 2'],['missing data'],['missing data'],0,0,0.0,0.0
1360,['네 번의 결혼식과 한 번의 장례식'],['7.21'],['수상내역보기'],[7.21],0,7.21,0.0
1361,['번개맨의 비밀'],['8.75'],['5.1만명'],[8.75],[51000.0],8.75,51000.0
1362,['썩시드'],['8.11'],"['1,045명']",[8.11],[1045.0],8.11,1045.0
1363,['청춘은 참혹하다'],['missing data'],['missing data'],0,0,0.0,0.0
1364,['김시은 배우전'],['missing data'],['missing data'],0,0,0.0,0.0
1365,['토이무비: 미래대모험'],['8.41'],['1.1만명'],[8.41],[11000.0],8.41,11000.0
1366,['듀크의 하룻밤'],['missing data'],['missing data'],0,0,0.0,0.0
1367,['스포트라이트'],['8.92'],['30만명'],[8.92],[300000.0],8.92,300000.0
1368,['인카네이트'],['7.00'],['1.8만명'],[7.0],[18000.0],7.0,18000.0
1369,['팬'],['8.22'],['18만명'],[8.22],[180000.0],8.22,180000.0
1370,['명탐정 코난 : 코난 실종사건 - 사상 최악의 이틀'],['8.94'],['25만명'],[8.94],[250000.0],8.94,250000.0
1371,['리어왕'],['missing data'],['missing data'],0,0,0.0,0.0
1372,['더 킬러: 죽어도 되는 아이'],['8.39'],['6만명'],[8.39],[60000.0],8.39,60000.0
1373,['브링 더 소울 : 더 무비'],['9.68'],['33만명'],[9.68],[330000.0],9.68,330000.0
1374,"['울지마, 톤즈']",['missing data'],['missing data'],0,0,0.0,0.0
1375,['슈퍼 삼총사'],['5.00'],['missing data'],[5.0],0,5.0,0.0
1376,['하이큐!! 또 다른 도전'],['6.86'],"['8,464명']",[6.86],[8464.0],6.86,8464.0
1377,['고백'],['8.50'],['4.3만명'],[8.5],[43000.0],8.5,43000.0
1378,['노량: 죽음의 바다'],['missing data'],['missing data'],0,0,0.0,0.0
1379,['프린스 챠밍'],['6.34'],['1.7만명'],[6.34],[17000.0],6.34,17000.0
1380,['소년들은 불꽃을 옆에서 보고 싶었다'],['missing data'],['missing data'],0,0,0.0,0.0
1381,['분무기'],['missing data'],['missing data'],0,0,0.0,0.0
1382,['강변호텔'],['7.73'],"['6,975명']",[7.73],[6975.0],7.73,6975.0
1383,['무문관'],['9.32'],['2.1만명'],[9.32],[21000.0],9.32,21000.0
1384,['짱구는 못말려 극장판: 폭풍수면! 꿈꾸는 세계 대돌격'],['8.77'],['11만명'],[8.77],[110000.0],8.77,110000.0
1385,['missing data'],['missing data'],['missing data'],0,0,0.0,0.0
1386,['엔젤 해즈 폴른'],['8.93'],['18만명'],[8.93],[180000.0],8.93,180000.0
1387,['고슴도치 고슴'],['missing data'],['missing data'],0,0,0.0,0.0
1388,['더 파더'],['missing data'],['missing data'],0,0,0.0,0.0
1389,['베를린 신드롬'],['6.24'],"['7,011명']",[6.24],[7011.0],6.24,7011.0
1390,['마야2'],['9.13'],['9.7만명'],[9.13],[97000.0],9.13,97000.0
1391,['부재의 기억'],['missing data'],['missing data'],0,0,0.0,0.0
